date,net_impact,weighted_horizon,news_count,divergence
2024-03-06,1.3702000000000003,0.5939393939393941,4.0,0.05499999999999999
2024-03-07,1.8750436917543414,0.7441441441441443,27.0,0.572668069608144
2024-03-08,1.2838277674227139,0.6897009966777409,37.0,0.6530363362451254
2024-03-09,1.0955000000000004,0.5559322033898305,8.0,0.8241608286181596
2024-03-10,1.1353125,0.66,8.0,0.21671244937540093
2024-03-11,-1.3216331572532658,0.7128491620111733,23.0,0.7954167128213822
2024-03-12,-0.6152500000000001,0.7562500000000001,8.0,0.9114352888243278
2024-03-13,1.8267499999999999,0.6880000000000001,12.0,0.586915408700178
2024-03-14,0.9267500000000001,0.6666666666666667,9.0,0.5833333333333334
2024-03-15,-1.7185166015625002,0.8000000000000002,15.0,0.27675844719762055
2024-03-16,0.2700000000000001,0.6612244897959184,6.0,0.8666025617317318
2024-03-17,0.9800000000000001,0.62,5.0,0.7949842765740717
2024-03-18,1.4879953945949675,0.6613545816733067,32.0,0.49103864574277983
2024-03-22,0.7313134765625,0.7490196078431371,13.0,0.8047933322861887
2024-03-23,0.792,0.6000000000000001,2.0,0.28284271247461906
2024-03-26,1.61490625,0.7584415584415586,9.0,0.686982128184165
2024-03-27,1.2360000000000002,0.6761904761904763,6.0,0.6765106552499129
2024-04-01,-0.8371875000000001,0.5254901960784313,7.0,0.40708019567928594
2024-04-02,1.8765799560546874,0.8,15.0,0.528429839466031
2024-04-06,0.9533125000000002,0.4923076923076924,5.0,0.7694153624668538
2024-04-08,1.69691064453125,0.6895522388059702,16.0,0.1195477589361953
2024-04-11,-0.5063994140625,0.7250000000000001,11.0,0.706077513128307
2024-04-12,0.8831904296875002,0.6300000000000001,17.0,0.6083366908314546
2024-04-14,1.08,0.544,3.0,0.28867513459481287
2024-04-15,-1.569298828125,0.6810810810810811,13.0,0.6916164640415476
2024-04-16,-1.2127265625,0.7513513513513512,9.0,0.48333333333333334
2024-04-17,1.559865936279297,0.7352112676056337,17.0,0.4197338092032083
2024-04-18,-1.1580625,0.8,9.0,0.7648529270389178
2024-04-19,-1.8642517526879894,0.6975609756097562,39.0,0.5525062514530825
2024-04-20,-0.2885000000000001,0.6086956521739132,6.0,0.8390470785361213
2024-04-21,0.6400000000000001,0.4000000000000001,1.0,0.0
2024-04-22,-1.5357421875000001,0.6988505747126439,12.0,0.7427936619562825
2024-04-23,1.80640625,0.7358024691358026,10.0,0.6762642481555071
2024-04-24,1.7065156250000002,0.7999999999999999,11.0,0.08201995322647242
2024-04-26,1.1097695312500002,0.7341176470588234,11.0,0.5157518783291051
2024-04-27,0.9250000000000003,0.8000000000000002,4.0,0.8098353742170895
2024-04-28,-0.28,0.4000000000000001,2.0,0.9192388155425119
2024-04-29,1.1208466796875003,0.5734513274336285,15.0,0.7487767802667673
2024-04-30,0.7182423095703123,0.672972972972973,19.0,0.8121158561084065
2024-05-01,-0.684,0.5882352941176471,2.0,0.21213203435596428
2024-05-02,-1.5934648437499999,0.6909090909090908,10.0,0.6285786435372356
2024-05-03,1.587533203125,0.7474747474747476,13.0,0.2672269754539321
2024-05-04,0.24,0.4,1.0,0.0
2024-05-06,1.652744140625,0.7080459770114943,11.0,0.12135597524338357
2024-05-07,1.6561104125976562,0.7767741935483872,19.0,0.4890616388040547
2024-05-08,-0.2783671875,0.7708333333333335,12.0,0.9242523596087943
2024-05-09,-1.2591562500000002,0.7567567567567567,9.0,0.29627314724385295
2024-05-10,-0.020273087985813495,0.7035573122529647,32.0,0.5545904475521816
2024-05-11,1.21,0.8000000000000002,2.0,0.0
2024-05-12,-0.21599999999999991,0.5882352941176471,2.0,1.0606601717798212
2024-05-13,1.9602887573242187,0.7776397515527951,19.0,0.23207681728860172
2024-05-14,0.488916015625,0.8000000000000003,12.0,0.7267090618714347
2024-05-15,1.9262161388397216,0.7145631067961166,24.0,0.21450988964060183
2024-05-16,1.51506640625,0.772,12.0,0.7517655985422019
2024-05-18,-0.9900000000000001,0.6608695652173914,3.0,0.05773502691896256
2024-05-19,-0.28,0.6285714285714287,2.0,1.0606601717798212
2024-05-20,1.1385000000000003,0.6117647058823529,5.0,0.5873670062235365
2024-05-21,0.2966250000000001,0.6857142857142857,6.0,0.6047037842337906
2024-05-22,1.9617266541160645,0.7373493975903612,30.0,0.13995073024658258
2024-05-23,1.6973194695711138,0.6649789029535865,29.0,0.7011953200409217
2024-05-24,-1.6643046875,0.7142857142857142,12.0,0.5434876152027642
2024-05-25,0.6000000000000001,0.64,2.0,1.0606601717798212
2024-05-26,0.5760000000000001,0.4,1.0,0.0
2024-05-27,1.6901562500000002,0.7703703703703704,10.0,0.16633299933166198
2024-05-28,1.3009639892578126,0.6500000000000001,18.0,0.711988837395056
2024-05-29,-0.35475000000000007,0.8,6.0,0.8215838362577492
2024-05-30,0.10630894470214834,0.7200000000000002,19.0,0.7283723744002607
2024-05-31,0.31694726562500003,0.7102040816326533,12.0,0.8700400548076491
2024-06-01,0.8240000000000001,0.4000000000000001,2.0,0.07071067811865482
2024-06-02,-0.6810000000000002,0.6000000000000001,3.0,0.40414518843273806
2024-06-03,1.7789282226562502,0.7432835820895523,17.0,0.5324057497369287
2024-06-04,1.1481790235199183,0.6375350140056023,49.0,0.6751731952154313
2024-06-05,1.519908199797268,0.6543046357615894,38.0,0.5593381579728297
2024-06-06,1.8183292631096915,0.6779291553133517,45.0,0.4648992505170482
2024-06-07,-1.6529990355372428,0.7029702970297032,26.0,0.8146070312639189
2024-06-08,0.24,0.8,1.0,0.0
2024-06-09,0.8,0.6285714285714287,2.0,0.7071067811865476
2024-06-10,0.37900000000000006,0.56,6.0,0.3444802848737017
2024-06-11,1.0882989654541018,0.6658227848101267,20.0,0.6796864602230402
2024-06-12,1.9023614664016057,0.7534591194968554,38.0,0.3739756041365953
2024-06-13,1.994473197577696,0.730817610062893,37.0,0.5589431253870266
2024-06-14,0.81401953125,0.7659574468085107,12.0,0.8795229423162343
2024-06-15,0.7200000000000001,0.4000000000000001,1.0,0.0
2024-06-17,0.19050740051269527,0.6400000000000001,19.0,0.6980758852162621
2024-06-18,,0.7025787965616045,44.0,0.4885964258272041
2024-06-19,1.8867453197750725,0.70875,40.0,0.3532903941010887
2024-06-20,0.06941639091074461,0.7227467811158801,30.0,0.7620676652612821
2024-06-21,-1.721309353351593,0.6757894736842107,23.0,0.8156570619370295
2024-06-22,-1.1451562499999999,0.7116883116883117,9.0,0.5464532103585001
2024-06-23,-1.246,0.8,5.0,0.9838699100999075
2024-06-24,-1.9651004993468526,0.7573770491803278,30.0,0.7328420506933044
2024-06-25,0.47899343538284284,0.7111111111111112,27.0,0.796323460743845
2024-06-26,1.8699360351562502,0.75177304964539,17.0,0.40547720614836336
2024-06-27,-0.6513935546875,0.75177304964539,18.0,0.9306860214853532
2024-06-28,0.16990463256835947,0.6676470588235295,18.0,0.5851093412145038
2024-06-29,-0.504,0.7999999999999999,1.0,0.0
2024-06-30,1.0780000000000003,0.5125,4.0,0.12583057392117916
2024-07-01,1.621390380859375,0.6240000000000001,17.0,0.5673078840401548
2024-07-02,-1.05535986328125,0.6766666666666666,15.0,0.7735508725229081
2024-07-03,1.6857442550659183,0.7044025157232706,19.0,0.17901615465016277
2024-07-04,1.9705997228139238,0.7264367816091956,73.0,0.5173327566724649
2024-07-05,0.7701212760029362,0.5978571428571431,36.0,0.5334404654305203
2024-07-06,1.105625,0.6545454545454547,5.0,0.6542170893518451
2024-07-07,1.07165625,0.47727272727272735,11.0,0.6604406242667226
2024-07-08,1.76103193513889,0.655095541401274,38.0,0.6302080308613675
2024-07-09,,0.6954356846473029,31.0,0.7804287062360286
2024-07-10,1.202047007635236,0.6522821576763487,31.0,0.7181816944454649
2024-07-11,1.9902203118958568,0.7812672176308542,42.0,0.3736454436196791
2024-07-12,-1.9851011962890626,0.7164556962025317,18.0,0.4369008502408487
2024-07-13,-0.2076875,0.5560975609756099,5.0,0.719027120489902
2024-07-14,1.2008125,0.5830508474576271,8.0,0.48678977568791
2024-07-15,1.1117834472656252,0.6603773584905661,16.0,0.7265213922062677
2024-07-16,1.1651962280273438,0.7411042944785277,20.0,0.6189974917048067
2024-07-17,-1.3152630911171437,0.7223628691983123,31.0,0.6589825980374057
2024-07-18,1.0395016232683034,0.6575866188769414,104.0,0.7996586043400932
2024-07-19,-1.7790298024071005,0.7203703703703704,52.0,0.8314223942056931
2024-07-20,1.1047500000000001,0.6833333333333332,9.0,0.8728942916782333
2024-07-21,-0.297203125,0.6528735632183909,12.0,0.7489386429535405
2024-07-22,-1.7290793059021234,0.7074380165289256,31.0,0.622205580934659
2024-07-23,1.7109018725045027,0.7163179916317994,30.0,0.7183073974569518
2024-07-24,-1.6403125,0.5226666666666666,9.0,0.5547772325697746
2024-07-25,0.664,0.5230769230769232,3.0,0.9237604307034013
2024-07-26,-1.736197507619858,0.7456140350877193,27.0,0.6286828813019847
2024-07-27,0.37200000000000016,0.5444444444444444,5.0,0.8497058314499201
2024-07-28,-0.8440000000000001,0.8000000000000002,3.0,1.1015141094572205
2024-07-29,1.7386272583007811,0.7211267605633803,18.0,0.6834170202222153
2024-07-30,-0.5361650390625001,0.653846153846154,13.0,0.8574709384325572
2024-07-31,-1.2699285583496094,0.6816,16.0,0.7700378778562347
2024-08-01,1.7865118865966798,0.7185185185185187,20.0,0.39185792269513625
2024-08-02,-1.9995575349897043,0.7374301675977656,41.0,0.5142837785484282
2024-08-03,-0.8640000000000001,0.8000000000000002,2.0,0.14142135623730948
2024-08-04,-1.0910000000000002,0.49411764705882366,4.0,0.050000000000000044
2024-08-05,-1.9872108696248456,0.7624365482233504,45.0,0.6186332279364491
2024-08-06,-0.47097139986278475,0.7384615384615385,36.0,0.7049935269318953
2024-08-07,1.3829287567138673,0.7144827586206897,18.0,0.441217862981973
2024-08-08,-1.7302373046875001,0.7376146788990826,14.0,0.527954793269522
2024-08-09,,0.6485596707818931,30.0,0.5973051138361183
2024-08-10,1.126,0.4347826086956522,3.0,0.2516611478423583
2024-08-11,0.8350000000000001,0.5764705882352942,5.0,0.7661592523751182
2024-08-12,,0.7139784946236561,23.0,0.5549657764105936
2024-08-13,1.3939717254638673,0.6947368421052632,22.0,0.5397811004135253
2024-08-14,1.7454375,0.8000000000000003,9.0,0.15898986690282427
2024-08-15,1.1866136093139652,0.6785714285714286,23.0,0.7252912730965674
2024-08-16,,0.7482352941176471,22.0,0.399106144134257
2024-08-18,0.72,0.4000000000000001,2.0,0.14142135623730953
2024-08-19,1.7018471679687501,0.7353535353535353,13.0,0.5695252183696298
2024-08-20,1.4279624404907232,0.6450704225352114,20.0,0.47914397352822985
2024-08-21,0.7971076660156251,0.6555555555555556,14.0,0.838660627638885
2024-08-22,-0.3646874999999999,0.7515151515151516,8.0,0.8374067112222113
2024-08-23,-1.6410737304687502,0.753125,17.0,0.5382433300589439
2024-08-25,1.22,0.5440000000000002,3.0,0.11547005383792514
2024-08-26,1.69671875,0.6372093023255815,11.0,0.2144761058952722
2024-08-27,-1.4066250000000002,0.6989473684210528,12.0,0.7334022006230878
2024-08-28,1.6834832153320316,0.7804195804195804,18.0,0.42599364811613577
2024-08-29,-1.8315214843749998,0.7376146788990825,13.0,0.711084401207779
2024-08-30,1.48521875,0.7540983606557379,8.0,0.5804862493757158
2024-08-31,0.43200000000000005,0.676923076923077,2.0,0.5656854249492381
2024-09-01,1.016,0.8000000000000002,2.0,0.28284271247461906
2024-09-02,-0.4238828124999999,0.6376237623762376,13.0,0.749273152068227
2024-09-03,0.26421875,0.6690909090909092,8.0,0.6162965427222747
2024-09-04,-1.5575981750488284,0.72751677852349,18.0,0.6980832768645218
2024-09-05,-0.012639282226562553,0.7449275362318842,18.0,0.7711505706503621
2024-09-06,0.89733984375,0.703030303030303,13.0,0.7514942379975974
2024-09-07,-0.22500000000000003,0.4969696969696971,4.0,0.7047458170621992
2024-09-08,-0.3500937500000001,0.5587301587301589,9.0,0.5732461173973279
2024-09-09,-1.9052362015247348,0.703448275862069,25.0,0.6072341668033291
2024-09-10,0.8751307067871096,0.7056603773584907,27.0,0.6795658074165345
2024-09-11,0.09867150878906251,0.6372413793103449,19.0,0.8250110755946257
2024-09-12,1.5584920380115512,0.7419354838709679,31.0,0.6457803481560245
2024-09-13,0.3877823829650879,0.7131578947368423,20.0,0.7119099588246285
2024-09-14,0.26800000000000007,0.49696969696969706,4.0,0.8261355820929153
2024-09-15,0.52,0.5714285714285715,2.0,0.0
2024-09-16,1.3021796875,0.7130434782608698,9.0,0.5408326913195984
2024-09-17,0.42400000000000004,0.5090909090909091,4.0,0.6782329983125268
2024-09-18,-0.907109375,0.668421052631579,11.0,0.7795103358111192
2024-09-19,1.4013046875,0.7744680851063832,12.0,0.42737748554587573
2024-09-20,1.6206718750000002,0.7252336448598131,14.0,0.6641527693979008
2024-09-21,0.5000000000000001,0.6133333333333334,2.0,0.9192388155425119
2024-09-22,1.2042500000000003,0.46000000000000013,7.0,0.13801311186847084
2024-09-23,1.19047705078125,0.6241758241758243,12.0,0.6001893640571055
2024-09-24,0.7439556274414062,0.6404761904761905,16.0,0.7754568545917518
2024-09-25,1.8746116388281808,0.717557251908397,33.0,0.6575321169710913
2024-09-26,1.7521486816406253,0.6834586466165413,16.0,0.44229515032385336
2024-09-27,,0.7370786516853932,25.0,0.7376028545325003
2024-09-28,0.11200000000000002,0.8000000000000002,1.0,0.0
2024-09-29,0.21,0.4,1.0,0.0
2024-09-30,-1.9573646123409274,0.780952380952381,27.0,0.45791550496419064
2024-10-01,1.7317500000000001,0.8000000000000003,10.0,0.6204836822995429
2024-10-02,-0.24900000000000005,0.6838709677419355,4.0,0.8698658900466594
2024-10-03,0.378,0.7030303030303031,4.0,0.8850612031567836
2024-10-04,0.29678222656250014,0.7081081081081081,19.0,0.7441388916448862
2024-10-05,-0.33599999999999997,0.39999999999999997,1.0,0.0
2024-10-07,1.82288299356465,0.7280757097791799,38.0,0.5030207470644132
2024-10-08,-1.2694908065795905,0.6444444444444444,21.0,0.7588838922422599
2024-10-09,1.9083611912727356,0.6369668246445499,26.0,0.4692547282660027
2024-10-10,0.9995000000000002,0.6782608695652176,3.0,0.2516611478423583
2024-10-11,1.3903731613159183,0.7650273224043719,23.0,0.44142197462722044
2024-10-12,-1.07075,0.6232558139534885,6.0,0.34302575219167825
2024-10-13,-0.6639843750000001,0.5380952380952382,11.0,0.5954371961386479
2024-10-14,1.3741014614105227,0.7244897959183675,25.0,0.7579138033664075
2024-10-15,1.6636594408079983,0.6828124999999999,32.0,0.5110078592918749
2024-10-16,-1.539548065185547,0.7458823529411767,20.0,0.7096885899722793
2024-10-17,-1.4829996933010703,0.6818998716302952,98.0,0.6508123393351787
2024-10-18,1.9325377384619724,0.6824561403508773,83.0,0.6000710115681964
2024-10-19,-0.034503906250000015,0.5471698113207546,13.0,0.5793453422968252
2024-10-20,0.778,0.8000000000000002,3.0,0.9643650760992956
2024-10-21,0.7895446777343752,0.669387755102041,19.0,0.7297760611415016
2024-10-22,-1.6981448974609374,0.6620689655172414,18.0,0.6893209692826778
2024-10-23,-1.3938856201171876,0.6666666666666667,18.0,0.7237565401512892
2024-10-24,-1.0439984283447266,0.7496296296296298,17.0,0.8087299411095517
2024-10-25,1.0679453125,0.5777777777777778,9.0,0.6463573143221771
2024-10-26,0.885105902671814,0.6178343949044586,27.0,0.48351750101643043
2024-10-27,-0.587,0.46666666666666673,6.0,0.7974960814950756
2024-10-28,0.8542119140625001,0.5956521739130435,11.0,0.8235179525558737
2024-10-29,-1.7483515625,0.7291666666666667,13.0,0.7123453498380526
2024-10-30,1.0780781250000002,0.7115789473684213,12.0,0.7988628281387351
2024-10-31,-0.5085000000000001,0.5955555555555556,6.0,0.8142481194328913
2024-11-01,-1.1377411041259768,0.658974358974359,20.0,0.7271248354414731
2024-11-02,-0.6020000000000001,0.5391304347826088,3.0,0.7234178138070235
2024-11-03,-0.11999999999999997,0.45000000000000007,2.0,1.1313708498984762
2024-11-04,0.08712499999999997,0.7130434782608696,9.0,0.5614960175974338
2024-11-05,1.205,0.8000000000000002,5.0,0.08944271909999157
2024-11-06,-0.8722078857421875,0.7090909090909091,17.0,0.8673828112064883
2024-11-07,0.49116406250000005,0.7575757575757578,9.0,0.6936217348894937
2024-11-08,1.4493555027991534,0.6798418972332018,30.0,0.6994250512376938
2024-11-09,-0.03199999999999997,0.5499999999999999,3.0,0.9539392014169458
2024-11-10,-0.7200000000000001,0.4000000000000001,3.0,0.9814954576223638
2024-11-11,-1.2043712263107298,0.6497109826589597,23.0,0.6005596862584878
2024-11-12,-1.6286052105143898,0.6517985611510793,35.0,0.8347192956443552
2024-11-13,-0.8668169665336609,0.6572972972972974,23.0,0.8459622768853488
2024-11-14,-1.0825537109375,0.7702127659574467,12.0,0.48335945592939805
2024-11-15,1.5281410522460939,0.6218750000000001,16.0,0.5302515126491075
2024-11-16,-0.5760000000000001,0.8,1.0,0.0
2024-11-17,0.18599999999999994,0.6608695652173914,3.0,0.929157324317757
2024-11-18,0.151,0.6577777777777778,6.0,0.8288546314040841
2024-11-19,1.6564414062500001,0.7106382978723403,12.0,0.21373305355470448
2024-11-20,0.6479257812500001,0.7384615384615385,13.0,0.8262519638054168
2024-11-21,-0.8863984375,0.6702702702702704,9.0,0.8215838362577492
2024-11-22,1.5147767333984374,0.7076923076923078,18.0,0.23577157439801275
2024-11-23,0.504,0.4000000000000001,1.0,0.0
2024-11-25,0.46787500000000015,0.6577777777777779,6.0,0.7960318251594384
2024-11-26,-0.42695483398437506,0.6777777777777779,19.0,0.7614621207936142
2024-11-27,-0.9414286346435546,0.6385093167701863,20.0,0.7007326992437799
2024-11-28,-1.2000523569369692,0.7081967213114755,31.0,0.8558370109123069
2024-11-29,-1.6235189256668092,0.7494949494949495,25.0,0.5387640176057293
2024-11-30,0.008999999999999952,0.49032258064516143,4.0,0.7135591542869215
2024-12-01,1.1560000000000001,0.6560000000000001,3.0,0.11547005383792514
2024-12-02,1.8479965209960938,0.7219512195121953,19.0,0.452478554304249
2024-12-03,1.9270249023437502,0.7447154471544717,14.0,0.18397324220155997
2024-12-04,1.792154296875,0.7074074074074073,13.0,0.5273299944787164
2024-12-05,1.3180234375000004,0.5887640449438204,11.0,0.44107307166211646
2024-12-06,0.6363017578125001,0.7061224489795919,13.0,0.6935601207001748
2024-12-07,0.7200000000000001,0.8000000000000002,1.0,0.0
2024-12-08,1.088,0.6000000000000001,2.0,0.14142135623730948
2024-12-09,1.0696297607421874,0.7000000000000002,19.0,0.6424550863770135
2024-12-10,-0.12909312438964837,0.582312925170068,19.0,0.8023357713940464
2024-12-11,-1.6598452758789062,0.7305389221556889,21.0,0.7313718355971619
2024-12-12,1.867028305053711,0.7461139896373058,25.0,0.5958747071882365
2024-12-13,-1.0736953125000002,0.7724137931034483,12.0,0.6881573991904804
2024-12-14,0.8560000000000001,0.6000000000000001,2.0,0.28284271247461906
2024-12-15,1.2891875,0.6830769230769231,9.0,0.22607766610417562
2024-12-16,0.06134255027771,0.703825136612022,23.0,0.7547740022459724
2024-12-17,1.2608125000000001,0.710344827586207,9.0,0.65
2024-12-18,1.3255312500000003,0.5642857142857144,7.0,0.6924765768773767
2024-12-19,-1.27715625,0.6878048780487805,10.0,0.6828046735503662
2024-12-20,-1.6646868591308595,0.6946107784431139,20.0,0.3471310991541956
2024-12-21,-0.504,0.4,2.0,0.5656854249492381
2024-12-22,-0.7050000000000001,0.625,2.0,1.0606601717798212
2024-12-23,1.802390289306641,0.7806060606060607,20.0,0.2417044737516849
2024-12-24,1.6201972656249999,0.6606741573033708,11.0,0.7763551202428388
2024-12-25,0.6524531250000001,0.6925373134328359,8.0,0.7872873862646529
2024-12-26,0.03462499999999999,0.6969696969696971,10.0,0.8093893445747301
2024-12-27,1.0761015625000003,0.6732673267326734,13.0,0.8525978400882077
2024-12-28,-0.504,0.6571428571428573,2.0,0.5656854249492381
2024-12-29,1.109,0.6358974358974361,5.0,0.3898717737923586
2024-12-30,0.8538437499999999,0.6765957446808513,13.0,0.7100920850359967
2024-12-31,-1.287875,0.6320000000000002,12.0,0.8729521490582715
2025-01-01,0.666,0.8,3.0,0.9237604307034013
2025-01-02,-0.5946002349853516,0.64,20.0,0.7783924054370682
2025-01-03,1.4074931640625001,0.7015873015873015,16.0,0.13601470508735444
2025-01-04,-0.5760000000000002,0.4000000000000001,1.0,0.0
2025-01-05,0.9276250000000001,0.8,4.0,0.8220908303425682
2025-01-06,1.856895366269351,0.724153498871332,54.0,0.4677286508709538
2025-01-07,,0.7476923076923079,33.0,0.5552898109938164
2025-01-08,0.2707196578979492,0.7333333333333334,21.0,0.7405917839648173
2025-01-09,-0.571765625,0.7017543859649124,8.0,0.9311091696005821
2025-01-10,1.4281477789878847,0.6904564315352699,30.0,0.6612857556115304
2025-01-11,1.3623750000000001,0.6187499999999999,8.0,0.8871100753087441
2025-01-12,-0.9060000000000001,0.6117647058823529,5.0,0.6870225614927067
2025-01-13,0.29309643554687503,0.7742857142857144,17.0,0.7557135311587788
2025-01-14,1.6889892578124999,0.7032967032967032,11.0,0.41800391472721016
2025-01-15,-1.0764293251037598,0.7063291139240507,20.0,0.7673604793466745
2025-01-16,1.0607632965891742,0.6273809523809524,85.0,0.5529092904567523
2025-01-17,0.7699965381622315,0.7157894736842105,23.0,0.7505992336035029
2025-01-18,1.0450000000000002,0.5285714285714287,4.0,0.7071067811865476
2025-01-19,0.9000000000000001,0.6,2.0,0.0
2025-01-20,1.4637371215820312,0.6818791946308725,19.0,0.7342896475844581
2025-01-21,0.17178369140625,0.622641509433962,14.0,0.7987627795672368
2025-01-22,,0.7461538461538463,14.0,0.09607689228305229
2025-01-23,0.5373671875000001,0.5837837837837839,9.0,0.75901983578238
2025-01-24,1.08,0.10000000000000002,2.0,0.0
2025-01-25,0.644,0.625,2.0,0.21213203435596428
2025-01-26,0.31500000000000006,0.6117647058823529,2.0,0.9899494936611665
2025-01-27,0.8,0.8000000000000002,1.0,0.0
2025-01-28,0.738,0.5866666666666667,4.0,0.3109126351029605
2025-01-29,0.5040000000000001,0.4000000000000001,2.0,1.2727922061357855
2025-01-30,0.504,0.8000000000000002,1.0,0.0
2025-01-31,-1.0620000000000003,0.6499999999999999,3.0,0.05773502691896257
2025-02-01,-0.5930000000000001,0.6000000000000001,6.0,0.7554248252914824
2025-02-02,1.044,0.4,2.0,0.14142135623730948
2025-02-03,-0.7404184875488281,0.6441860465116281,22.0,0.6898302696068076
2025-02-04,0.3017407531738281,0.7164556962025318,20.0,0.6856422267902516
2025-02-05,1.80617578125,0.6825688073394495,13.0,0.49406736797987794
2025-02-06,1.571021484375,0.6620689655172415,14.0,0.6228699968428668
2025-02-07,0.87525,0.572972972972973,5.0,0.6870225614927068
2025-02-08,0.6615,0.4000000000000001,2.0,0.14142135623730948
2025-02-09,0.4640000000000001,0.5280000000000001,3.0,0.7505553499465134
2025-02-10,0.956069040310135,0.6076923076923082,46.0,0.6928935338674784
2025-02-11,1.4538427734375003,0.6434782608695653,14.0,0.6546956343419235
2025-02-12,1.043862623035908,0.6317343173431735,36.0,0.656832224718437
2025-02-13,-0.5767007427215576,0.581132075471698,21.0,0.6423543006931982
2025-02-14,-1.7295441118180752,0.6551724137931036,29.0,0.6109227455130655
2025-02-15,-0.4064375000000001,0.5464788732394366,9.0,0.7650344945019001
2025-02-16,0.48200000000000004,0.40000000000000013,5.0,0.6580273550544841
2025-02-17,-0.30367065429687506,0.6529411764705884,18.0,0.7352248333370925
2025-02-18,1.13533740234375,0.7070707070707071,13.0,0.8420061513874819
2025-02-19,-1.2703051757812502,0.6992125984251971,15.0,0.552914356581818
2025-02-20,-1.3397623596191408,0.6739726027397261,19.0,0.7741057848135947
2025-02-21,1.3549375000000001,0.6794520547945206,10.0,0.49452558635075244
2025-02-22,-0.7000000000000001,0.6133333333333334,2.0,0.0
2025-02-23,0.6799999999999999,0.6608695652173914,3.0,0.7211102550927979
2025-02-24,-1.411015625,0.6830188679245284,13.0,0.6627448749185235
2025-02-25,-1.7920662841796875,0.7622047244094489,16.0,0.5756156124822652
2025-02-26,-1.1370039062500001,0.6392156862745099,13.0,0.7819272705375202
2025-02-27,-1.3533748168945312,0.7216216216216217,19.0,0.7780993487281865
2025-02-28,0.6267109375000002,0.4164179104477613,9.0,0.7143372997245613
2025-03-01,-1.048,0.6000000000000001,2.0,0.07071067811865474
2025-03-02,-0.48824999999999996,0.6695652173913045,6.0,0.7061633427661526
2025-03-03,-0.1676808024644852,0.7079365079365081,30.0,0.7376258902878807
2025-03-04,-0.7492828458792711,0.5828220858895706,81.0,0.789017986307061
2025-03-05,1.3153894972534217,0.5678571428571428,42.0,0.6607680393741092
2025-03-06,-0.38943684467405537,0.6220689655172413,37.0,0.779418047322804
2025-03-07,-0.1670490482865176,0.586904761904762,45.0,0.7378168725190131
2025-03-08,1.3680664062500003,0.5178571428571429,14.0,0.5440992152576183
2025-03-09,1.0906250000000002,0.5391304347826088,7.0,0.6102302453836194
2025-03-10,0.17779866967511235,0.7008955223880599,40.0,0.8294421974883838
2025-03-11,-1.9191738315820692,0.7394957983193278,30.0,0.7716901885643207
2025-03-12,1.4800372236911208,0.6310756972111553,32.0,0.6970487903504547
2025-03-13,-0.3634882507324219,0.6982248520710062,22.0,0.7272821969080461
2025-03-14,-0.9334285888671876,0.682857142857143,19.0,0.6631927030686547
2025-03-15,-0.8295000000000001,0.5565217391304348,6.0,0.8579044235810886
2025-03-16,-0.6105000000000002,0.4761904761904763,5.0,0.8324662155306966
2025-03-17,1.3377724056243898,0.6197530864197531,21.0,0.7769292423503235
2025-03-18,0.8067995843887329,0.7396984924623118,25.0,0.7206016005163093
2025-03-19,-1.4100034179687502,0.7089430894308943,16.0,0.7440598094239468
2025-03-20,1.935224982380867,0.72621359223301,25.0,0.6153048025166064
2025-03-21,0.3211875000000002,0.620689655172414,11.0,0.8127394751982057
2025-03-22,-0.252,0.7999999999999999,2.0,1.1313708498984762
2025-03-24,1.411884765625,0.7063829787234044,12.0,0.8229197832698942
2025-03-25,1.2453771972656251,0.7439252336448599,13.0,0.6512315748660872
2025-03-26,-0.00659423828124996,0.7074626865671644,16.0,0.7790753065868109
2025-03-27,-0.08007501220703142,0.5532467532467533,19.0,0.7936148696965731
2025-03-28,-1.1887046508789063,0.6590673575129534,26.0,0.541124185945689
2025-03-29,-0.168,0.8000000000000002,2.0,0.49497474683058323
2025-03-30,-0.07434375,0.7263157894736845,10.0,0.80718991294215
2025-03-31,,0.7125000000000001,36.0,0.72711008494605
2025-04-01,0.22191369628906255,0.7145299145299147,15.0,0.6507870692659847
2025-04-02,1.2225029296875,0.7022222222222223,12.0,0.7043157005637501
2025-04-03,-0.7375000000000002,0.5194805194805194,10.0,0.7242620765686656
2025-04-04,0.8480000000000001,0.8000000000000002,2.0,0.565685424949238
2025-04-05,-0.40524999999999994,0.6044444444444443,6.0,0.6603029607687672
2025-04-06,-0.97,0.7157894736842106,5.0,1.0
2025-04-07,-1.9732707495149222,0.7557003257328991,35.0,0.5733287733516792
2025-04-08,-1.925865022193242,0.7364583333333333,46.0,0.7547498545843975
2025-04-09,1.1813508451268133,0.7488095238095239,40.0,0.813602309453899
2025-04-10,1.944262499080971,0.7019455252918289,30.0,0.4724112761070626
2025-04-11,-1.3138242187500004,0.7092436974789916,15.0,0.7896352382738561
2025-04-12,-0.08750000000000005,0.8,5.0,0.9011104260855048
2025-04-13,-0.6957500000000001,0.5384615384615385,6.0,0.8400396816024032
2025-04-14,-0.5854887318816037,0.7219917012448134,31.0,0.8025764962033616
2025-04-15,0.5723938131332398,0.6377777777777778,24.0,0.7917944214233271
2025-04-16,-1.0123505325317383,0.6797385620915034,19.0,0.7265234045162905
2025-04-17,-0.5995269329537095,0.629642248722317,75.0,0.75063456638517
2025-04-18,1.532387948155403,0.635897435897436,29.0,0.8086965733717755
2025-04-19,-0.8905000000000001,0.5476923076923078,8.0,0.6386369413502032
2025-04-20,-0.7949132080078128,0.6179104477611941,17.0,0.8053588896737098
2025-04-21,-1.3317782545089722,0.6274881516587678,26.0,0.6301281920859743
2025-04-22,-1.9420107421875001,0.717117117117117,13.0,0.547956576980704
2025-04-23,1.6734090485796331,0.7388235294117647,31.0,0.6403628003944578
2025-04-24,0.4041813735961915,0.6584269662921349,23.0,0.7340665875386996
2025-04-25,1.7142187500000001,0.7179487179487178,14.0,0.4550691289111052
2025-04-26,-0.7200000000000001,0.8000000000000002,1.0,0.0
2025-04-27,0.7800000000000001,0.4000000000000001,4.0,0.7544313531837518
2025-04-28,1.8344443359375004,0.7492063492063492,15.0,0.5029200447671294
2025-04-29,1.2015625000000003,0.6110236220472441,16.0,0.7623428799868643
2025-04-30,1.1781630859375003,0.7286821705426358,17.0,0.7411735527486918
2025-05-01,0.504,0.6,2.0,0.28284271247461906
2025-05-02,1.0552625427246096,0.6792452830188679,19.0,0.7500487313603061
2025-05-03,1.052,0.6000000000000001,2.0,0.21213203435596428
2025-05-04,-1.05,0.7250000000000002,4.0,0.5251983752196244
2025-05-05,1.0697203674316407,0.7503649635036496,17.0,0.7939106484026139
2025-05-06,-0.24117187500000004,0.6539682539682541,8.0,0.7959720023791218
2025-05-07,1.5576015625000001,0.7211267605633803,9.0,0.7
2025-05-08,0.668194091796875,0.7259259259259262,21.0,0.8039485887376963
2025-05-09,1.314615443733521,0.6939068100358425,34.0,0.6592276580737041
2025-05-10,1.1482109375000003,0.689655172413793,11.0,0.8307718207677836
2025-05-11,-0.618,0.6608695652173914,6.0,0.7756717518813399
2025-05-12,0.07364941406249997,0.7446153846153847,16.0,0.5965176722724427
2025-05-13,1.497481464992612,0.6683385579937305,39.0,0.6754615555976657
2025-05-14,1.7293672313690183,0.7333333333333334,31.0,0.5551905611047301
2025-05-15,1.4134529725462197,0.6638655462184876,30.0,0.729832290607776
2025-05-16,0.8350574951171876,0.6268656716417912,18.0,0.6515943242529763
2025-05-17,1.052,0.6133333333333334,2.0,0.14142135623730948
2025-05-18,0.39200000000000007,0.4000000000000001,2.0,1.1313708498984762
2025-05-19,-1.3378967285156251,0.7226890756302522,15.0,0.7573135476959392
2025-05-20,0.91089013671875,0.6989898989898988,13.0,0.6501479121648455
2025-05-21,1.3744404296875,0.6909090909090909,13.0,0.5220767209559363
2025-05-22,-1.5855625000000004,0.6847457627118644,7.0,0.5593363414414826
2025-05-23,0.8545337066650392,0.7174603174603175,24.0,0.8224102964166815
2025-05-24,0.3700000000000001,0.4,3.0,0.9237604307034013
2025-05-25,0.75,0.5499999999999999,3.0,0.8326663997864531
2025-05-26,-1.5330166015625004,0.7450980392156862,13.0,0.7722760234593953
2025-05-27,-0.8047890624999998,0.7549295774647887,10.0,0.769198717280955
2025-05-28,1.4353613281250002,0.6588235294117649,11.0,0.8307718207677834
2025-05-29,-0.9887187500000001,0.7466666666666667,9.0,0.6857680203813661
2025-05-30,0.9200000000000002,0.4000000000000001,2.0,0.21213203435596428
2025-05-31,0.9345000000000001,0.5890909090909091,7.0,0.6557438524302001
2025-06-01,0.7857500000000001,0.6254545454545455,7.0,0.6644009116704849
2025-06-02,-1.8386984157562256,0.6697142857142857,22.0,0.8194074514114278
2025-06-03,1.8031103059993763,0.6230088495575221,62.0,0.6731301342859085
2025-06-04,1.7323496372699738,0.7376146788990826,27.0,0.1219499687240422
2025-06-05,-0.06224328637123105,0.7361502347417842,27.0,0.6452544276122996
2025-06-06,-0.627921875,0.8000000000000002,8.0,0.6139741734912681
2025-06-07,-0.30799999999999994,0.4000000000000001,2.0,0.848528137423857
2025-06-08,0.96825,0.49473684210526325,5.0,0.5805170109479997
2025-06-09,1.8361760107278824,0.7040000000000002,30.0,0.4793314309427822
2025-06-10,1.439818312694901,0.74392523364486,39.0,0.5611945039423147
2025-06-11,-0.21686207089794324,0.7340350877192984,37.0,0.7688179765595243
2025-06-12,,0.6934169278996866,44.0,0.713747305386748
2025-06-13,-1.1822946777343752,0.6690265486725664,14.0,0.7081938022451634
2025-06-14,0.6480000000000001,0.8,1.0,0.0
2025-06-15,0.7200000000000001,0.8000000000000002,1.0,0.0
2025-06-16,-0.31437500000000007,0.7428571428571429,7.0,0.7810249675906655
2025-06-17,1.76372998046875,0.8,13.0,0.2618964367641217
2025-06-18,1.3124921875,0.7676767676767678,12.0,0.8565257518816136
2025-06-19,-1.4675,0.7360000000000001,6.0,0.2449489742783178
2025-06-20,1.128830032348633,0.7485380116959067,21.0,0.6114775236300692
2025-06-21,-0.324,0.7142857142857143,4.0,0.8544003745317531
2025-06-22,-0.7880000000000001,0.39999999999999997,2.0,0.21213203435596428
2025-06-23,-1.7638622856140138,0.7319148936170216,22.0,0.4424449974376202
2025-06-24,1.5484687499999998,0.7626666666666667,9.0,0.17159383568311667
2025-06-25,1.4824062657356265,0.6945273631840798,25.0,0.4974937185533099
2025-06-26,1.3878593750000003,0.6622222222222222,11.0,0.5007267445696033
2025-06-27,1.6350781250000002,0.696774193548387,8.0,0.5371884479132333
2025-06-28,-0.9000000000000001,0.625,2.0,0.0
2025-06-29,-0.011999999999999993,0.7333333333333334,5.0,0.7791020472312982
2025-06-30,-1.6014763938188559,0.7167441860465118,27.0,0.7963055720655006
2025-07-01,1.8403705301880835,0.670539419087137,30.0,0.5749962518618468
2025-07-02,1.5328506164550784,0.7323076923076924,17.0,0.710167751516582
2025-07-03,1.7193890413217015,0.6904109589041096,36.0,0.4829144325927206
2025-07-04,0.3101223144531249,0.732824427480916,17.0,0.7961303469983824
2025-07-05,-0.7920000000000001,0.5733333333333334,4.0,0.8883505314157619
2025-07-06,0.23100000000000015,0.6461538461538463,5.0,0.8012490249604053
2025-07-07,-1.28225,0.8,7.0,0.7197883286739498
2025-07-08,0.9524375000000002,0.7039215686274509,7.0,0.7016986193380691
2025-07-09,1.2190312500000002,0.7573333333333333,9.0,0.2682246156571847
2025-07-10,1.4528086290644864,0.6594249201277955,40.0,0.6811331057086476
2025-07-11,-0.6356318249702454,0.6526315789473685,26.0,0.6627680879927295
2025-07-12,0.6480000000000001,0.8,1.0,0.0
2025-07-13,0.3815000000000002,0.4000000000000001,5.0,0.6480740698407861
2025-07-14,0.022960449218750022,0.7054545454545456,14.0,0.5652967712276797
2025-07-15,1.4034493551254275,0.6425925925925926,27.0,0.5890017630899562
2025-07-16,-0.7045795612335205,0.7022727272727274,23.0,0.7036606710062376
2025-07-17,-0.07486933454292678,0.6801047120418848,97.0,0.521990638617326
2025-07-18,1.6971282784430521,0.6866396761133605,60.0,0.38811437536064264
2025-07-19,1.2211250000000002,0.627777777777778,9.0,0.47022453265552944
2025-07-20,0.8924804687500002,0.5641025641025642,10.0,0.8469553313683864
2025-07-21,0.8417846827059985,0.6400000000000001,30.0,0.7715412251260236
2025-07-22,-1.1883125,0.6511627906976745,5.0,0.8774964387392122
2025-07-23,1.0080000000000002,0.8000000000000002,2.0,0.14142135623730948
2025-07-24,1.08,0.6,2.0,0.14142135623730948
2025-07-25,0.45300000000000007,0.8000000000000002,4.0,0.43493294502332963
2025-07-26,0.504,0.4000000000000001,1.0,0.0
2025-07-27,0.014625000000000048,0.5066666666666667,4.0,0.8421203397773187
2025-07-28,1.5534359374999998,0.7398230088495573,14.0,0.8044273097696875
2025-07-29,-0.29704687500000004,0.7200000000000001,9.0,0.7949493345141214
2025-07-30,1.4813203125,0.7644444444444445,11.0,0.5888355226438643
2025-07-31,1.385,0.8000000000000003,8.0,0.4969550137731641
2025-08-01,-1.2891250000000003,0.7695652173913042,11.0,0.7839294959021854
2025-08-02,0.6480000000000001,0.8,1.0,0.0
2025-08-03,-0.5760000000000002,0.4000000000000001,1.0,0.0
2025-08-04,-1.156375,0.692857142857143,7.0,0.6872997543873797
2025-08-05,-1.0890462626945228,0.6050179211469534,34.0,0.6479932687091241
2025-08-06,-0.9759515508208019,0.6000000000000002,49.0,0.6431282497124748
2025-08-07,0.4756766637697079,0.6976909413854351,67.0,0.7982624731433554
2025-08-08,1.4517230982350307,0.6946708463949844,40.0,0.7731222081391458
2025-08-09,0.6705,0.4651162790697674,5.0,0.9338094023943002
2025-08-10,0.09299999999999997,0.4820512820512821,5.0,0.650384501660364
2025-08-11,0.8659423449039462,0.6802139037433156,23.0,0.6985869419156214
2025-08-12,1.354499633789063,0.5513513513513515,19.0,0.6311133761593486
2025-08-13,-0.5614431037902831,0.6251497005988024,20.0,0.5777451632720179
2025-08-14,0.25673828125000003,0.7609756097560976,10.0,0.7616502551113018
2025-08-15,0.29325,0.5830508474576271,8.0,0.7180081575342402
2025-08-16,-0.888,0.8,3.0,0.09999999999999998
2025-08-17,-0.0480000000000001,0.30000000000000004,3.0,1.096965511460289
2025-08-18,-1.0470372924804685,0.6890510948905111,18.0,0.7482441319821704
2025-08-19,-0.59821875,0.6307692307692307,7.0,0.7810249675906654
2025-08-20,-1.6596374036659836,0.6642361111111112,36.0,0.5317461502013608
2025-08-21,1.45203125,0.7137254901960787,13.0,0.7630908807656479
2025-08-22,0.9761562500000002,0.5941860465116281,11.0,0.785435605832261
2025-08-23,0.56775,0.4000000000000001,4.0,0.7047458170621992
2025-08-24,0.0,0.4,1.0,0.0
2025-08-25,1.2876328125,0.7285714285714286,10.0,0.6983313444681305
2025-08-26,-0.11381250000000007,0.8000000000000002,6.0,0.8262364471909156
2025-08-27,-0.49604968261718746,0.6793650793650795,16.0,0.6987786964888574
2025-08-28,-0.22783593750000006,0.6752688172043011,12.0,0.839913415450989
2025-08-29,1.2640000000000002,0.8000000000000002,5.0,0.7536577472566709
2025-08-30,1.2437500000000001,0.5361702127659577,6.0,0.9070097390142329
2025-08-31,0.8560000000000001,0.8000000000000002,2.0,0.0
2025-09-01,-0.5039374999999999,0.7282051282051283,10.0,0.7528464503321894
2025-09-02,-0.33611816406250006,0.6017699115044249,14.0,0.7762972128233895
2025-09-03,-1.218786331176758,0.5590361445783133,21.0,0.6881652625434014
2025-09-04,-1.0551367187500003,0.7520000000000001,10.0,0.8527081042837057
2025-09-05,1.241353515625,0.8,13.0,0.09540735874430283
2025-09-06,0.756,0.4000000000000001,2.0,0.07071067811865482
2025-09-07,0.0,0.4000000000000001,1.0,0.0
2025-09-08,0.8465607223510743,0.7228070175438598,21.0,0.704712031697379
2025-09-09,1.9117451171875002,0.7393103448275863,17.0,0.453985617807955
2025-09-10,1.9744958120958218,0.7038123167155428,40.0,0.652313437323516
2025-09-11,1.6632726768516004,0.6963562753036439,30.0,0.17157150581957192
2025-09-12,1.8022277221679688,0.761581920903955,22.0,0.4417840650964679
2025-09-13,0.7819999999999999,0.6181818181818183,4.0,0.9848857801796105
2025-09-14,1.02,0.5384615384615385,3.0,0.11547005383792519
2025-09-15,-1.6392070312500002,0.6874074074074075,17.0,0.7017310528886657
2025-09-16,1.3557592929989697,0.7158536585365856,39.0,0.5103516820842348
2025-09-17,-1.16966015625,0.7199999999999999,14.0,0.9001831315513917
2025-09-18,1.9724697849750519,0.7480519480519482,27.0,0.6822119211895269
2025-09-19,-0.5159208488464356,0.6813186813186815,24.0,0.7886766571702357
2025-09-20,0.7280000000000001,0.6270270270270271,5.0,0.9808159868191383
2025-09-21,-0.44799999999999995,0.39999999999999997,1.0,0.0
2025-09-22,1.8201872908960794,0.697704918032787,37.0,0.697862459236784
2025-09-23,1.9774488038700075,0.7405063291139242,37.0,0.4124197983730778
2025-09-24,1.153346374511719,0.7226666666666669,20.0,0.6944138004934732
2025-09-25,-1.377872714996338,0.6363636363636364,27.0,0.7382893911409165
2025-09-26,-1.2137933616638183,0.6901554404145077,24.0,0.5926481958615677
2025-09-27,-0.904,0.6000000000000001,2.0,0.21213203435596428
2025-09-28,-0.14000000000000004,0.4,3.0,0.6557438524302001
2025-09-29,0.9200000000000002,0.8,3.0,0.5773502691896258
2025-09-30,0.848593994140625,0.6933333333333335,19.0,0.7229326240718207
2025-10-01,1.3000886534601452,0.6396825396825396,32.0,0.5981068924855403
2025-10-02,1.9200875567118643,0.7397163120567377,33.0,0.4643136022260399
2025-10-03,1.9394873631296274,0.7409669211195931,48.0,0.49857509731190397
2025-10-04,1.4550000000000003,0.8000000000000002,5.0,0.6708203932499369
2025-10-05,1.1367968750000002,0.6064516129032259,8.0,0.48825491000383925
2025-10-06,1.3003828125000003,0.6945054945054944,11.0,0.49469917397067964
2025-10-07,1.9881176716467026,0.7455919395465995,47.0,0.49810928365609175
2025-10-08,-0.01838104555010796,0.7441860465116281,29.0,0.798659591351123
2025-10-09,1.9905622106451246,0.7060532687651332,49.0,0.5004589730172389
2025-10-10,1.2752070312500001,0.6833333333333336,10.0,0.5839520528262573
2025-10-11,1.2765,0.5333333333333334,10.0,0.8537498983243799
2025-10-12,-0.637765625,0.5545454545454547,11.0,0.8743828992755144
2025-10-13,-1.7017519040107731,0.7709844559585497,23.0,0.8388067941693511
2025-10-14,1.8189356694221497,0.7495495495495498,28.0,0.5771096564393595
2025-10-15,1.8298096573352816,0.7252336448598132,26.0,0.38608488504671934
2025-10-16,1.9856438676424348,0.6593939393939394,100.0,0.4209884952481637
2025-10-17,-1.2160138717200881,0.7333333333333333,45.0,0.8249395447699501
2025-10-18,1.4553125,0.5788888888888889,11.0,0.6756814741765934
2025-10-19,1.2884687500000003,0.5674418604651164,11.0,0.5463931318615329
2025-10-20,1.556541938781738,0.6791208791208793,22.0,0.10064725594803929
2025-10-21,1.954384614873212,0.7384615384615385,35.0,0.4147085642681025
2025-10-22,-1.667734517775476,0.7551569506726457,27.0,0.7911740707685069
2025-10-23,,0.7272727272727274,18.0,0.7562484807957517
2025-10-24,0.7200000000000001,0.8,1.0,0.0
2025-10-25,-0.14399999999999996,0.5882352941176471,2.0,1.2727922061357855
2025-10-26,1.1250000000000002,0.4000000000000001,4.0,0.12909944487358058
2025-10-27,1.860051025390625,0.6790123456790124,19.0,0.09459053029269174
2025-10-28,1.0016513671875,0.6344827586206898,15.0,0.7109349980332741
2025-10-29,1.8787880172729492,0.6987012987012988,19.0,0.22452028132252597
2025-10-30,1.2743117065429685,0.6867052023121388,21.0,0.6429100507328637
2025-10-31,-0.2069990234375,0.7124087591240877,17.0,0.8651334477136698
2025-11-01,0.81,0.8,1.0,0.0
2025-11-02,1.2413750000000003,0.6877192982456142,7.0,0.13972762620115436
2025-11-03,1.7313601245880128,0.6872928176795581,24.0,0.6146608585346011
2025-11-04,1.4989375000000003,0.6967741935483872,11.0,0.5217104735212992
2025-11-05,-1.77873193359375,0.6808510638297872,18.0,0.702097697240625
2025-11-06,1.9563671875000002,0.7626168224299064,13.0,0.29198700357449175
2025-11-07,-1.3200801696777347,0.7339130434782609,17.0,0.6820169050863252
2025-11-08,1.2791487350463873,0.6545454545454547,20.0,0.2731396404000978
2025-11-09,1.0550000000000002,0.7030303030303031,4.0,0.9464847243000456
2025-11-10,1.7279034331809822,0.696918767507003,43.0,0.4203700315854468
2025-11-11,1.564696605079808,0.681533101045296,36.0,0.655211101326578
2025-11-12,1.4563359375000002,0.6651785714285714,14.0,0.7216053531635458
2025-11-13,1.3620351867675782,0.7441176470588236,18.0,0.8105714920911354
2025-11-14,-1.3904214668273926,0.6372093023255816,22.0,0.7196078778303485
2025-11-15,0.9200000000000002,0.8000000000000002,3.0,1.1015141094572205
2025-11-16,1.1455000000000004,0.4260869565217391,6.0,0.12247448713915891
2025-11-17,-0.3133525390625,0.6324324324324324,18.0,0.7310123699140256
2025-11-18,-1.8588537526428701,0.6460251046025105,29.0,0.39011808241428775
2025-11-19,-1.1860382690429687,0.6917293233082709,17.0,0.7650451735989573
2025-11-20,0.6784140625,0.717948717948718,10.0,0.8292566952799759
2025-11-21,-1.3334218410253524,0.7274611398963733,24.0,0.8312728148770554
2025-11-22,0.315,0.39999999999999997,1.0,0.0
2025-11-23,0.8640000000000001,0.6117647058823529,2.0,0.14142135623730953
2025-11-24,-1.1044209899902344,0.7463414634146343,21.0,0.7928549978520963
2025-11-25,1.6937620849758388,0.6594594594594597,32.0,0.8479339216494827
2025-11-26,-0.8702007408142091,0.6514970059880241,24.0,0.809980765561572
2025-11-27,1.01627099609375,0.6918918918918919,15.0,0.6052941040361721
2025-11-28,0.7820478515625001,0.7666666666666668,12.0,0.7902339507827394
2025-11-29,0.44799999999999995,0.4000000000000001,1.0,0.0
2025-11-30,0.9720000000000001,0.6133333333333334,2.0,0.14142135623730948
2025-12-01,-1.6407500000000002,0.8,11.0,0.7417424203736889
2025-12-02,1.758265625,0.689795918367347,11.0,0.12060453783110543
2025-12-03,1.3236083984375004,0.6632478632478634,15.0,0.5734606724590126
2025-12-04,0.11520312500000002,0.7319148936170213,7.0,0.5398412465054624
2025-12-05,1.0241015625,0.6222222222222222,10.0,0.37431418769679453
2025-12-06,0.9545000000000001,0.6666666666666669,3.0,0.2516611478423583
2025-12-07,0.4980000000000001,0.7310344827586206,4.0,0.4760952285695233
2025-12-08,1.3134123919010163,0.7644444444444445,24.0,0.5237649378728282
2025-12-09,0.04015625000000001,0.6720000000000002,9.0,0.8803408430829506
2025-12-10,,0.6330578512396697,31.0,0.57875212568811
2025-12-11,-0.424181295851944,0.660750853242321,35.0,0.7701985992930273
2025-12-12,1.4114062500000002,0.7506849315068492,9.0,0.7088723439378912
2025-12-13,0.9400000000000001,0.5333333333333333,3.0,0.8660254037844386
2025-12-15,-1.5896249999999998,0.7536231884057972,8.0,0.6781013409302687
2025-12-16,-1.1996484375000005,0.7481481481481482,7.0,0.16072751268321592
2025-12-17,0.9619140625,0.6984126984126984,8.0,0.8262436513696014
2025-12-18,-1.2090468750000003,0.7081081081081081,10.0,0.7260241808033058
2025-12-19,1.44821875,0.6857142857142858,9.0,0.6071335200028996
2025-12-20,-0.20250000000000004,0.4000000000000001,2.0,0.7071067811865476
2025-12-21,0.504,0.4,1.0,0.0
2025-12-22,1.8564375000000002,0.756164383561644,9.0,0.11180339887498948
2025-12-23,1.2904843750000003,0.6590909090909092,11.0,0.5021770785109753
2025-12-24,1.33990625,0.8000000000000002,8.0,0.7045451927104667
2025-12-26,1.3707828340530397,0.7223300970873787,25.0,0.5126077122582791
2025-12-27,-0.8426250000000002,0.5209302325581396,6.0,0.862554346113913
2025-12-28,0.27999999999999997,0.7999999999999999,1.0,0.0
2025-12-29,1.7062781333923343,0.7835294117647059,21.0,0.6208672889403907
2025-12-30,-0.02810937499999999,0.6566037735849057,13.0,0.5677214918493859
2025-12-31,0.9526604310274125,0.5610389610389612,28.0,0.4447667482146797
2026-01-01,1.281375,0.55625,8.0,0.467325215607779
2026-01-02,,0.6805970149253731,17.0,0.47884409432159303
2026-01-03,1.27825,0.5133333333333333,7.0,0.12149857925879118
2026-01-04,-0.7909375000000001,0.7211267605633803,9.0,0.9070709882791852
2026-01-05,1.8902966313828717,0.72,73.0,0.5220262594210315
2026-01-06,1.4657195701599126,0.7111111111111115,23.0,0.4041288879834833
2026-01-07,0.7143217312823981,0.6482269503546099,35.0,0.8537805200814718
2026-01-08,0.98122607421875,0.7173333333333336,19.0,0.7509058856626489
2026-01-09,0.18902859424031357,0.6387820512820512,38.0,0.7911674575878016
2026-01-10,1.018,0.6941176470588235,4.0,0.9215023964519391
2026-01-11,0.38100000000000006,0.6040816326530615,6.0,0.6940220937885672
2026-01-12,1.1550507049560548,0.7295597484276731,20.0,0.6118135250823441
2026-01-13,1.6136851501464844,0.718562874251497,20.0,0.5622089890498204
2026-01-14,1.596658281564713,0.6325581395348837,26.0,0.6660676796288452
2026-01-15,0.48834414959605055,0.6072678331090176,94.0,0.647667974058752
2026-01-16,1.9535658901811108,0.7644171779141106,39.0,0.29622000067335147
2026-01-17,1.631671875,0.6956521739130436,8.0,0.09258200997725512
2026-01-18,1.1531250000000002,0.6275862068965518,7.0,0.6718843437888484
2026-01-19,0.09881628417968744,0.6788732394366198,18.0,0.8125043991836662
2026-01-20,0.722383270263672,0.7756756756756757,17.0,0.8168267150093349
2026-01-21,-1.6291884765625002,0.7814814814814816,15.0,0.6763346593429702
2026-01-22,1.3557860107421875,0.707692307692308,16.0,0.48456810666819583
2026-01-23,1.3807753906250004,0.6567567567567568,19.0,0.7866205755156431
2026-01-24,0.9,0.8,1.0,0.0
2026-01-25,0.432,0.8,1.0,0.0
2026-01-26,0.9886275510787965,0.6543010752688174,24.0,0.6769362995313432
2026-01-27,0.9746889648437501,0.674074074074074,14.0,0.5996794015266695
2026-01-28,1.8108871564643922,0.6723127035830619,36.0,0.6230238600236191
2026-01-29,1.3646679687499998,0.7698113207547169,13.0,0.7783941391720752
2026-01-30,-1.69300390625,0.6796747967479674,15.0,0.8888194417315589
2026-01-31,0.7200000000000001,0.4,1.0,0.0
2026-02-01,0.5760000000000001,0.1,1.0,0.0
2026-02-02,-1.6432890625,0.76,11.0,0.5851573215034492
2026-02-03,1.7509836425781256,0.7213675213675214,14.0,0.19848325973644323
2026-02-04,-1.2489375000000003,0.7272727272727274,6.0,0.8140434058861153
2026-02-05,-1.1615146484375,0.7076923076923077,17.0,0.8607879427320885
2026-02-06,-0.62601953125,0.7033333333333335,15.0,0.7443757371752777
2026-02-07,0.0,0.4000000000000001,1.0,0.0
2026-02-08,0.126,0.39999999999999997,1.0,0.0
2026-02-09,1.6788060150146484,0.7276836158192093,21.0,0.4097618355883841
2026-02-10,,0.6892857142857144,54.0,0.4542973329917591
2026-02-11,1.9346796178384682,0.7183673469387756,34.0,0.23935444968638084
2026-02-12,1.1062500000000002,0.6857142857142859,7.0,0.5126959555693246
2026-02-13,1.1894375000000004,0.6315789473684211,8.0,0.7989949043284676
2026-02-14,0.432,0.4,1.0,0.0
2026-02-16,0.35487500000000005,0.5391304347826088,6.0,0.7521081482517437
2026-02-17,-0.588,0.6,2.0,0.0
2026-02-18,0.8,0.8000000000000002,1.0,0.0
2026-02-19,0.7440000000000002,0.5454545454545455,3.0,0.3785938897200183
2026-02-21,1.2710000000000001,0.6117647058823531,4.0,0.09999999999999998
2026-02-22,1.3831250000000004,0.7471698113207548,7.0,0.0975900072948533
2026-02-23,1.6108170471191405,0.7267973856209152,20.0,0.6094864101934729
2026-02-24,1.9637773965730312,0.7251282051282054,46.0,0.5856083999291958
2026-02-25,,0.6965391621129327,67.0,0.6395511246379301
2026-02-26,-0.4663866285681726,0.6988326848249027,32.0,0.8198258445075884
2026-02-27,-0.22412500000000007,0.6506024096385542,10.0,0.7774602526460401
2026-02-28,1.4729999999999999,0.7368421052631581,5.0,0.8763560920082658
2026-03-01,0.6748125,0.7529411764705883,6.0,0.8727351641057365
2026-03-02,-1.7713569259643551,0.7283950617283953,20.0,0.8726245952358473
2026-03-03,-1.2075123291015626,0.6707692307692307,17.0,0.7124563970146235
