Date,Ticker,Adj Close,Close,High,Low,Open,Volume
2024-03-06,2330.TW,711.1375732421875,735.0,738.0,717.0,718.0,43687122
2024-03-07,2330.TW,735.325927734375,760.0,769.0,754.0,755.0,71817344
2024-03-08,2330.TW,758.5467529296875,784.0,796.0,772.0,795.0,87139744
2024-03-11,2330.TW,741.131103515625,766.0,778.0,761.0,768.0,64759810
2024-03-12,2330.TW,745.0012817382812,770.0,771.0,754.0,757.0,58110339
2024-03-13,2330.TW,753.7089233398438,779.0,785.0,777.0,785.0,36754557
2024-03-14,2330.TW,758.5467529296875,784.0,785.0,770.0,779.0,42010806
2024-03-15,2330.TW,728.5531616210938,753.0,777.0,753.0,771.0,73316437
2024-03-18,2330.TW,742.647705078125,764.0,765.0,754.0,754.0,43589856
2024-03-19,2330.TW,740.70361328125,762.0,765.0,755.0,758.0,30152375
2024-03-20,2330.TW,736.8153076171875,758.0,769.0,752.0,764.0,41280325
2024-03-21,2330.TW,762.0887451171875,784.0,784.0,772.0,773.0,46026103
2024-03-22,2330.TW,763.060791015625,785.0,789.0,775.0,788.0,30660820
2024-03-25,2330.TW,758.2005004882812,780.0,788.0,779.0,783.0,19877101
2024-03-26,2330.TW,760.1446533203125,782.0,792.0,776.0,788.0,40990702
2024-03-27,2330.TW,757.2284545898438,779.0,785.0,779.0,785.0,18794479
2024-03-28,2330.TW,747.5079345703125,769.0,776.0,768.0,774.0,27190918
2024-03-29,2330.TW,754.312255859375,776.0,777.0,768.0,769.0,9802000
2024-04-01,2330.TW,748.4800415039062,770.0,783.0,769.0,783.0,21041261
2024-04-02,2330.TW,767.9210205078125,790.0,790.0,783.0,784.0,37974481
2024-04-03,2330.TW,758.2005004882812,780.0,785.0,778.0,783.0,30890544
2024-04-08,2330.TW,761.1166381835938,783.0,792.0,783.0,789.0,32202226
2024-04-09,2330.TW,796.1104736328125,819.0,820.0,792.0,795.0,56857731
2024-04-10,2330.TW,792.2222900390625,815.0,819.0,810.0,815.0,27480849
2024-04-11,2330.TW,797.0826416015625,820.0,820.0,811.0,811.0,25200651
2024-04-12,2330.TW,795.1384887695312,818.0,826.0,817.0,823.0,31508936
2024-04-15,2330.TW,783.4739379882812,806.0,812.0,803.0,804.0,38913470
2024-04-16,2330.TW,765.9769897460938,788.0,803.0,785.0,802.0,49508969
2024-04-17,2330.TW,781.52978515625,804.0,808.0,793.0,798.0,34472074
2024-04-18,2330.TW,781.52978515625,804.0,810.0,792.0,796.0,43598591
2024-04-19,2330.TW,729.0389404296875,750.0,770.0,746.0,769.0,130968654
2024-04-22,2330.TW,721.2625732421875,742.0,757.0,740.0,740.0,46540798
2024-04-23,2330.TW,732.9271240234375,754.0,761.0,752.0,761.0,30423647
2024-04-24,2330.TW,761.1166381835938,783.0,785.0,769.0,770.0,39457128
2024-04-25,2330.TW,744.591796875,766.0,774.0,765.0,770.0,28534926
2024-04-26,2330.TW,760.1446533203125,782.0,789.0,782.0,788.0,32571247
2024-04-29,2330.TW,772.7813110351562,795.0,795.0,787.0,790.0,26765837
2024-04-30,2330.TW,767.9210205078125,790.0,802.0,790.0,797.0,39051972
2024-05-02,2330.TW,750.4240112304688,772.0,789.0,772.0,789.0,40527228
2024-05-03,2330.TW,758.2005004882812,780.0,788.0,773.0,788.0,29901556
2024-05-06,2330.TW,764.0327758789062,786.0,793.0,786.0,791.0,32599878
2024-05-07,2330.TW,777.6415405273438,800.0,800.0,792.0,797.0,33890214
2024-05-08,2330.TW,779.585693359375,802.0,802.0,792.0,794.0,21757193
2024-05-09,2330.TW,773.75341796875,796.0,802.0,796.0,798.0,21923999
2024-05-10,2330.TW,779.585693359375,802.0,807.0,798.0,803.0,25101318
2024-05-13,2330.TW,796.1104736328125,819.0,825.0,818.0,823.0,34812619
2024-05-14,2330.TW,801.94287109375,825.0,825.0,811.0,816.0,28691846
2024-05-15,2330.TW,815.5516357421875,839.0,844.0,837.0,838.0,39467772
2024-05-16,2330.TW,817.4956665039062,841.0,856.0,837.0,852.0,43927195
2024-05-17,2330.TW,811.6634521484375,835.0,848.0,834.0,848.0,26207289
2024-05-20,2330.TW,811.6634521484375,835.0,838.0,822.0,834.0,28808661
2024-05-21,2330.TW,817.4956665039062,841.0,841.0,830.0,830.0,19705349
2024-05-22,2330.TW,839.8528442382812,864.0,865.0,843.0,845.0,36628342
2024-05-23,2330.TW,850.54541015625,875.0,877.0,867.0,875.0,37266618
2024-05-24,2330.TW,842.76904296875,867.0,872.0,858.0,858.0,34136382
2024-05-27,2330.TW,844.713134765625,869.0,878.0,866.0,872.0,26726954
2024-05-28,2330.TW,840.824951171875,865.0,873.0,865.0,867.0,25329216
2024-05-29,2330.TW,833.0485229492188,857.0,868.0,856.0,861.0,33436835
2024-05-30,2330.TW,814.5795288085938,838.0,848.0,838.0,841.0,38065102
2024-05-31,2330.TW,798.0546875,821.0,846.0,821.0,838.0,77438401
2024-06-03,2330.TW,822.35595703125,846.0,853.0,837.0,839.0,28345488
2024-06-04,2330.TW,815.5516357421875,839.0,851.0,837.0,844.0,28223635
2024-06-05,2330.TW,830.1324462890625,854.0,857.0,835.0,841.0,31975446
2024-06-06,2330.TW,869.0145263671875,894.0,899.0,885.0,893.0,62925136
2024-06-07,2330.TW,854.4336547851562,879.0,888.0,879.0,885.0,41075399
2024-06-11,2330.TW,858.3218994140625,883.0,895.0,883.0,892.0,48228488
2024-06-12,2330.TW,883.5952758789062,909.0,914.0,888.0,888.0,48106925
2024-06-13,2330.TW,896.7684936523438,919.0,935.0,911.0,923.0,55857091
2024-06-14,2330.TW,899.6959228515625,922.0,922.0,905.0,916.0,38408123
2024-06-17,2330.TW,898.7200317382812,921.0,925.0,913.0,913.0,26292426
2024-06-18,2330.TW,920.1878662109375,943.0,950.0,940.0,944.0,37876013
2024-06-19,2330.TW,957.2685546875,981.0,984.0,953.0,953.0,72228052
2024-06-20,2330.TW,957.2685546875,981.0,981.0,971.0,971.0,48225374
2024-06-21,2330.TW,946.5347290039062,970.0,978.0,960.0,961.0,88376132
2024-06-24,2330.TW,917.260498046875,940.0,960.0,940.0,958.0,66391994
2024-06-25,2330.TW,922.1394653320312,945.0,945.0,923.0,925.0,57368432
2024-06-26,2330.TW,936.7766723632812,960.0,960.0,951.0,951.0,44967166
2024-06-27,2330.TW,936.7766723632812,960.0,961.0,949.0,951.0,39729446
2024-06-28,2330.TW,942.6315307617188,966.0,971.0,955.0,956.0,39138210
2024-07-01,2330.TW,944.5830688476562,968.0,977.0,965.0,968.0,19935737
2024-07-02,2330.TW,936.7766723632812,960.0,971.0,959.0,967.0,25427569
2024-07-03,2330.TW,955.3170166015625,979.0,979.0,967.0,976.0,24070411
2024-07-04,2330.TW,980.68798828125,1005.0,1010.0,997.0,1000.0,41893299
2024-07-05,2330.TW,980.68798828125,1005.0,1010.0,1000.0,1005.0,19998094
2024-07-08,2330.TW,1009.9622802734375,1035.0,1050.0,1000.0,1005.0,40146763
2024-07-09,2330.TW,1014.8413696289062,1040.0,1055.0,1025.0,1030.0,46373121
2024-07-10,2330.TW,1019.7205810546875,1045.0,1050.0,1015.0,1020.0,46206302
2024-07-11,2330.TW,1053.8736572265625,1080.0,1080.0,1055.0,1065.0,41724336
2024-07-12,2330.TW,1014.8413696289062,1040.0,1045.0,1025.0,1030.0,68983062
2024-07-15,2330.TW,1014.8413696289062,1040.0,1045.0,1025.0,1040.0,38393309
2024-07-16,2330.TW,1029.4783935546875,1055.0,1070.0,1035.0,1040.0,32125609
2024-07-17,2330.TW,1005.083251953125,1030.0,1045.0,1020.0,1035.0,54022399
2024-07-18,2330.TW,980.68798828125,1005.0,1005.0,986.0,988.0,81990095
2024-07-19,2330.TW,946.5347290039062,970.0,995.0,970.0,988.0,92507621
2024-07-22,2330.TW,916.28466796875,939.0,965.0,938.0,964.0,83062356
2024-07-23,2330.TW,955.3170166015625,979.0,979.0,956.0,963.0,47213266
2024-07-26,2330.TW,901.6475219726562,924.0,930.0,915.0,915.0,82081735
2024-07-29,2330.TW,921.1636352539062,944.0,948.0,936.0,942.0,40809258
2024-07-30,2330.TW,917.260498046875,940.0,949.0,926.0,930.0,41761392
2024-07-31,2330.TW,911.405517578125,934.0,940.0,928.0,929.0,39894991
2024-08-01,2330.TW,936.7766723632812,960.0,969.0,948.0,969.0,47382270
2024-08-02,2330.TW,881.1555786132812,903.0,928.0,903.0,918.0,76144485
2024-08-05,2330.TW,795.2843017578125,815.0,857.0,813.0,852.0,144057989
2024-08-06,2330.TW,858.7119140625,880.0,895.0,840.0,868.0,102930842
2024-08-07,2330.TW,897.7442626953125,920.0,920.0,893.0,901.0,59158704
2024-08-08,2330.TW,874.3248901367188,896.0,905.0,887.0,901.0,38236391
2024-08-09,2330.TW,911.405517578125,934.0,934.0,922.0,927.0,49494621
2024-08-12,2330.TW,917.260498046875,940.0,948.0,931.0,942.0,38331663
2024-08-13,2330.TW,918.2362060546875,941.0,945.0,937.0,945.0,25764381
2024-08-14,2330.TW,925.0668334960938,948.0,955.0,945.0,951.0,36780856
2024-08-15,2330.TW,920.1878662109375,943.0,950.0,941.0,945.0,19476402
2024-08-16,2330.TW,945.5589599609375,969.0,969.0,958.0,963.0,44062316
2024-08-19,2330.TW,949.462158203125,973.0,975.0,964.0,969.0,21348863
2024-08-20,2330.TW,949.462158203125,973.0,977.0,968.0,977.0,24039959
2024-08-21,2330.TW,934.824951171875,958.0,964.0,956.0,961.0,29758188
2024-08-22,2330.TW,927.9943237304688,951.0,964.0,948.0,958.0,24349754
2024-08-23,2330.TW,926.042724609375,949.0,952.0,939.0,944.0,27592153
2024-08-26,2330.TW,927.0185546875,950.0,961.0,945.0,957.0,25057581
2024-08-27,2330.TW,919.2120971679688,942.0,946.0,940.0,945.0,18693037
2024-08-28,2330.TW,940.6798706054688,964.0,964.0,943.0,945.0,31059233
2024-08-29,2330.TW,920.1878662109375,943.0,947.0,937.0,942.0,43530708
2024-08-30,2330.TW,921.1636352539062,944.0,952.0,941.0,944.0,63834981
2024-09-02,2330.TW,925.0668334960938,948.0,955.0,943.0,950.0,18646835
2024-09-03,2330.TW,917.260498046875,940.0,952.0,939.0,948.0,19547575
2024-09-04,2330.TW,867.4942016601562,889.0,905.0,888.0,894.0,79709021
2024-09-05,2330.TW,880.1797485351562,902.0,915.0,900.0,907.0,30512026
2024-09-06,2330.TW,895.7926025390625,918.0,918.0,903.0,909.0,24458336
2024-09-09,2330.TW,877.2522583007812,899.0,900.0,891.0,892.0,35885268
2024-09-10,2330.TW,882.1312866210938,904.0,911.0,901.0,907.0,33498628
2024-09-11,2330.TW,879.203857421875,901.0,906.0,900.0,906.0,18029342
2024-09-12,2330.TW,921.3509521484375,940.0,944.0,928.0,936.0,39454846
2024-09-13,2330.TW,928.2120971679688,947.0,955.0,939.0,955.0,25347586
2024-09-16,2330.TW,928.2120971679688,947.0,952.0,943.0,952.0,13626239
2024-09-18,2330.TW,922.3310546875,941.0,948.0,933.0,945.0,28424324
2024-09-19,2330.TW,940.9541625976562,960.0,960.0,936.0,940.0,32739630
2024-09-20,2330.TW,953.6962280273438,973.0,982.0,971.0,981.0,60133709
2024-09-23,2330.TW,957.6168212890625,977.0,977.0,971.0,971.0,14497067
2024-09-24,2330.TW,967.41845703125,987.0,987.0,971.0,976.0,26785975
2024-09-25,2330.TW,985.0613403320312,1005.0,1005.0,998.0,1000.0,39405222
2024-09-26,2330.TW,994.8629150390625,1015.0,1015.0,1005.0,1010.0,38321585
2024-09-27,2330.TW,980.1605224609375,1000.0,1025.0,1000.0,1020.0,35783779
2024-09-30,2330.TW,938.0135498046875,957.0,990.0,957.0,978.0,61603217
2024-10-01,2330.TW,952.716064453125,972.0,977.0,967.0,967.0,26760355
2024-10-04,2330.TW,957.6168212890625,977.0,986.0,967.0,986.0,40934818
2024-10-07,2330.TW,985.0613403320312,1005.0,1010.0,989.0,993.0,39667071
2024-10-08,2330.TW,989.962158203125,1010.0,1010.0,997.0,1000.0,30845902
2024-10-09,2330.TW,999.7637939453125,1020.0,1035.0,1020.0,1030.0,46975717
2024-10-11,2330.TW,1024.2679443359375,1045.0,1050.0,1020.0,1025.0,43058754
2024-10-14,2330.TW,1024.2679443359375,1045.0,1055.0,1035.0,1045.0,36858874
2024-10-15,2330.TW,1048.771728515625,1070.0,1075.0,1050.0,1050.0,42850176
2024-10-16,2330.TW,1024.2679443359375,1045.0,1070.0,1035.0,1040.0,52652149
2024-10-17,2330.TW,1014.4661865234375,1035.0,1055.0,1030.0,1050.0,54173771
2024-10-18,2330.TW,1063.47412109375,1085.0,1100.0,1075.0,1095.0,85011961
2024-10-21,2330.TW,1063.47412109375,1085.0,1095.0,1080.0,1090.0,36491060
2024-10-22,2330.TW,1053.672607421875,1075.0,1075.0,1060.0,1065.0,41197877
2024-10-23,2330.TW,1038.9700927734375,1060.0,1070.0,1055.0,1060.0,31423466
2024-10-24,2330.TW,1038.9700927734375,1060.0,1075.0,1055.0,1070.0,38236996
2024-10-25,2330.TW,1043.87109375,1065.0,1070.0,1060.0,1065.0,22009575
2024-10-28,2330.TW,1029.16845703125,1050.0,1080.0,1050.0,1075.0,40142324
2024-10-29,2330.TW,1019.3670043945312,1040.0,1040.0,1020.0,1035.0,45415773
2024-10-30,2330.TW,1009.5653686523438,1030.0,1055.0,1030.0,1040.0,38201984
2024-11-01,2330.TW,1004.66455078125,1025.0,1030.0,996.0,996.0,54480255
2024-11-04,2330.TW,1019.3670043945312,1040.0,1045.0,1025.0,1030.0,26747978
2024-11-05,2330.TW,1029.16845703125,1050.0,1055.0,1030.0,1030.0,32385622
2024-11-06,2330.TW,1038.9700927734375,1060.0,1080.0,1040.0,1050.0,55349259
2024-11-07,2330.TW,1043.87109375,1065.0,1075.0,1050.0,1050.0,43975446
2024-11-08,2330.TW,1068.375,1090.0,1090.0,1080.0,1085.0,37099479
2024-11-11,2330.TW,1063.47412109375,1085.0,1090.0,1070.0,1080.0,34690205
2024-11-12,2330.TW,1029.16845703125,1050.0,1065.0,1050.0,1060.0,51099848
2024-11-13,2330.TW,1014.4661865234375,1035.0,1050.0,1035.0,1045.0,42331232
2024-11-14,2330.TW,1014.4661865234375,1035.0,1040.0,1025.0,1030.0,44627940
2024-11-15,2330.TW,1014.4661865234375,1035.0,1045.0,1030.0,1040.0,34791611
2024-11-18,2330.TW,1004.66455078125,1025.0,1035.0,1020.0,1030.0,31815076
2024-11-19,2330.TW,1019.3670043945312,1040.0,1045.0,1025.0,1030.0,24349599
2024-11-20,2330.TW,1004.66455078125,1025.0,1025.0,1025.0,1025.0,40203197
2024-11-21,2330.TW,989.962158203125,1010.0,1025.0,1010.0,1020.0,41429227
2024-11-22,2330.TW,1019.3670043945312,1040.0,1050.0,1035.0,1035.0,25187973
2024-11-25,2330.TW,1009.5653686523438,1030.0,1050.0,1030.0,1045.0,49566674
2024-11-26,2330.TW,989.962158203125,1010.0,1020.0,1010.0,1015.0,27312402
2024-11-27,2330.TW,980.1605224609375,1000.0,1020.0,1000.0,1010.0,31276090
2024-11-28,2330.TW,985.0613403320312,1005.0,1005.0,992.0,1005.0,33689956
2024-11-29,2330.TW,976.2399291992188,996.0,1010.0,994.0,995.0,40094983
2024-12-02,2330.TW,1014.4661865234375,1035.0,1040.0,1015.0,1020.0,31168404
2024-12-03,2330.TW,1034.0693359375,1055.0,1065.0,1055.0,1060.0,43414538
2024-12-04,2330.TW,1048.771728515625,1070.0,1070.0,1055.0,1065.0,33466290
2024-12-05,2330.TW,1053.672607421875,1075.0,1080.0,1070.0,1070.0,31425359
2024-12-06,2330.TW,1043.87109375,1065.0,1080.0,1060.0,1075.0,30765288
2024-12-09,2330.TW,1053.672607421875,1075.0,1075.0,1065.0,1070.0,22247131
2024-12-10,2330.TW,1043.87109375,1065.0,1075.0,1060.0,1070.0,28506584
2024-12-11,2330.TW,1024.2679443359375,1045.0,1060.0,1045.0,1045.0,25264194
2024-12-12,2330.TW,1042.9619140625,1060.0,1065.0,1055.0,1060.0,22791260
2024-12-13,2330.TW,1047.8817138671875,1065.0,1070.0,1055.0,1060.0,20423659
2024-12-16,2330.TW,1067.56005859375,1085.0,1085.0,1075.0,1085.0,39722392
2024-12-17,2330.TW,1057.720947265625,1075.0,1095.0,1075.0,1090.0,37880707
2024-12-18,2330.TW,1067.56005859375,1085.0,1090.0,1070.0,1075.0,41863190
2024-12-19,2330.TW,1052.80126953125,1070.0,1070.0,1055.0,1065.0,42702851
2024-12-20,2330.TW,1018.3638916015625,1035.0,1060.0,1035.0,1060.0,52030520
2024-12-23,2330.TW,1062.6405029296875,1080.0,1080.0,1060.0,1065.0,30728473
2024-12-24,2330.TW,1062.6405029296875,1080.0,1095.0,1080.0,1095.0,26461906
2024-12-25,2330.TW,1067.56005859375,1085.0,1090.0,1080.0,1090.0,15481622
2024-12-26,2330.TW,1067.56005859375,1085.0,1090.0,1085.0,1085.0,14374900
2024-12-27,2330.TW,1072.4798583984375,1090.0,1095.0,1080.0,1080.0,24948385
2024-12-30,2330.TW,1072.4798583984375,1090.0,1095.0,1085.0,1090.0,23954634
2024-12-31,2330.TW,1057.720947265625,1075.0,1085.0,1075.0,1080.0,28397820
2025-01-02,2330.TW,1047.8817138671875,1065.0,1075.0,1055.0,1070.0,43177098
2025-01-03,2330.TW,1057.720947265625,1075.0,1085.0,1075.0,1080.0,30415096
2025-01-06,2330.TW,1106.917236328125,1125.0,1125.0,1095.0,1100.0,69289786
2025-01-07,2330.TW,1111.8367919921875,1130.0,1160.0,1130.0,1150.0,48758688
2025-01-08,2330.TW,1087.2386474609375,1105.0,1130.0,1105.0,1110.0,45211419
2025-01-09,2330.TW,1082.319091796875,1100.0,1115.0,1100.0,1100.0,27263215
2025-01-10,2330.TW,1082.319091796875,1100.0,1110.0,1100.0,1100.0,22021522
2025-01-13,2330.TW,1057.720947265625,1075.0,1115.0,1070.0,1110.0,56690300
2025-01-14,2330.TW,1072.4798583984375,1090.0,1090.0,1075.0,1085.0,28695247
2025-01-15,2330.TW,1047.8817138671875,1065.0,1085.0,1065.0,1085.0,35489482
2025-01-16,2330.TW,1087.2386474609375,1105.0,1115.0,1090.0,1095.0,47542962
2025-01-17,2330.TW,1101.9976806640625,1120.0,1125.0,1095.0,1125.0,59214050
2025-01-20,2330.TW,1101.9976806640625,1120.0,1135.0,1120.0,1125.0,29834528
2025-01-21,2330.TW,1101.9976806640625,1120.0,1125.0,1110.0,1115.0,21904213
2025-01-22,2330.TW,1116.7564697265625,1135.0,1150.0,1135.0,1140.0,42960405
2025-02-03,2330.TW,1052.80126953125,1070.0,1075.0,1060.0,1065.0,97946226
2025-02-04,2330.TW,1077.3994140625,1095.0,1100.0,1080.0,1085.0,53308108
2025-02-05,2330.TW,1092.1583251953125,1110.0,1120.0,1105.0,1110.0,40385340
2025-02-06,2330.TW,1097.0780029296875,1115.0,1120.0,1105.0,1120.0,29971252
2025-02-07,2330.TW,1106.917236328125,1125.0,1125.0,1105.0,1110.0,27883220
2025-02-10,2330.TW,1087.2386474609375,1105.0,1125.0,1095.0,1125.0,28527108
2025-02-11,2330.TW,1092.1583251953125,1110.0,1115.0,1100.0,1110.0,18898928
2025-02-12,2330.TW,1082.319091796875,1100.0,1115.0,1100.0,1110.0,24172954
2025-02-13,2330.TW,1072.4798583984375,1090.0,1095.0,1080.0,1090.0,33210403
2025-02-14,2330.TW,1042.9619140625,1060.0,1070.0,1060.0,1065.0,64486940
2025-02-17,2330.TW,1067.56005859375,1085.0,1085.0,1065.0,1065.0,35491271
2025-02-18,2330.TW,1082.319091796875,1100.0,1100.0,1080.0,1085.0,21616188
2025-02-19,2330.TW,1072.4798583984375,1090.0,1095.0,1085.0,1090.0,26400293
2025-02-20,2330.TW,1062.6405029296875,1080.0,1085.0,1070.0,1080.0,29643124
2025-02-21,2330.TW,1077.3994140625,1095.0,1095.0,1080.0,1085.0,28972910
2025-02-24,2330.TW,1057.720947265625,1075.0,1085.0,1075.0,1080.0,30822970
2025-02-25,2330.TW,1038.0423583984375,1055.0,1060.0,1050.0,1055.0,45158522
2025-02-26,2330.TW,1042.9619140625,1060.0,1060.0,1045.0,1045.0,36768449
2025-02-27,2330.TW,1023.2835083007812,1040.0,1065.0,1040.0,1065.0,55283596
2025-03-03,2330.TW,1003.60498046875,1020.0,1020.0,1000.0,1000.0,65621663
2025-03-04,2330.TW,983.9263916015625,1000.0,1010.0,996.0,996.0,64569262
2025-03-05,2330.TW,1003.60498046875,1020.0,1030.0,1015.0,1020.0,41994320
2025-03-06,2330.TW,988.8460693359375,1005.0,1025.0,1005.0,1020.0,45187017
2025-03-07,2330.TW,988.8460693359375,1005.0,1010.0,1000.0,1005.0,40822280
2025-03-10,2330.TW,981.9586181640625,998.0,1005.0,992.0,1005.0,46849886
2025-03-11,2330.TW,955.3925170898438,971.0,979.0,963.0,969.0,50204233
2025-03-12,2330.TW,972.1193237304688,988.0,995.0,976.0,980.0,34184887
2025-03-13,2330.TW,949.489013671875,965.0,1005.0,965.0,1000.0,37035693
2025-03-14,2330.TW,943.58544921875,959.0,969.0,955.0,965.0,34333748
2025-03-17,2330.TW,954.4086303710938,970.0,985.0,968.0,977.0,31491061
2025-03-18,2330.TW,959.845458984375,971.0,978.0,968.0,976.0,21575327
2025-03-19,2330.TW,941.0637817382812,952.0,967.0,950.0,965.0,35245036
2025-03-20,2330.TW,973.6846313476562,985.0,985.0,971.0,978.0,28715956
2025-03-21,2330.TW,960.833984375,972.0,987.0,970.0,985.0,39214916
2025-03-24,2330.TW,960.833984375,972.0,987.0,972.0,986.0,16121506
2025-03-25,2330.TW,978.627197265625,990.0,995.0,985.0,989.0,26167428
2025-03-26,2330.TW,968.7421264648438,980.0,995.0,980.0,995.0,21735917
2025-03-27,2330.TW,946.9948120117188,958.0,964.0,958.0,961.0,34563256
2025-03-28,2330.TW,941.0637817382812,952.0,955.0,946.0,946.0,33101234
2025-03-31,2330.TW,899.5462646484375,910.0,924.0,910.0,920.0,51064611
2025-04-01,2330.TW,933.1556396484375,944.0,946.0,925.0,929.0,32197752
2025-04-02,2330.TW,931.1786499023438,942.0,952.0,938.0,949.0,24849656
2025-04-07,2330.TW,838.2584228515625,848.0,848.0,848.0,848.0,23820773
2025-04-08,2330.TW,806.6260986328125,816.0,843.0,797.0,797.0,116648736
2025-04-09,2330.TW,775.982177734375,785.0,826.0,780.0,809.0,107582838
2025-04-10,2330.TW,853.086181640625,863.0,863.0,863.0,863.0,19416428
2025-04-11,2330.TW,878.7874755859375,889.0,889.0,836.0,848.0,76103586
2025-04-14,2330.TW,855.0631713867188,865.0,903.0,865.0,895.0,66326054
2025-04-15,2330.TW,866.92529296875,877.0,879.0,865.0,874.0,30562095
2025-04-16,2330.TW,845.1780395507812,855.0,869.0,852.0,867.0,42128082
2025-04-17,2330.TW,837.2699584960938,847.0,856.0,842.0,849.0,33684502
2025-04-18,2330.TW,840.2354736328125,850.0,858.0,850.0,853.0,20101219
2025-04-21,2330.TW,825.4078369140625,835.0,847.0,832.0,844.0,18415705
2025-04-22,2330.TW,806.6260986328125,816.0,829.0,816.0,826.0,28888527
2025-04-23,2330.TW,862.9712524414062,873.0,873.0,848.0,853.0,37863656
2025-04-24,2330.TW,854.0746459960938,864.0,886.0,859.0,886.0,32238198
2025-04-25,2330.TW,877.7988891601562,888.0,901.0,886.0,900.0,34640282
2025-04-28,2330.TW,886.695556640625,897.0,898.0,893.0,898.0,21830091
2025-04-29,2330.TW,891.6381225585938,902.0,902.0,893.0,897.0,24362874
2025-04-30,2330.TW,897.5692138671875,908.0,908.0,899.0,901.0,35405654
2025-05-02,2330.TW,939.0867309570312,950.0,950.0,932.0,938.0,43873135
2025-05-05,2330.TW,927.224609375,938.0,957.0,923.0,956.0,52770209
2025-05-06,2330.TW,909.4313354492188,920.0,930.0,916.0,916.0,37538894
2025-05-07,2330.TW,917.3394165039062,928.0,932.0,911.0,925.0,36907620
2025-05-08,2330.TW,907.454345703125,918.0,939.0,918.0,933.0,27985917
2025-05-09,2330.TW,938.0982055664062,949.0,949.0,934.0,938.0,36383573
2025-05-12,2330.TW,946.0062255859375,957.0,962.0,952.0,954.0,23402547
2025-05-13,2330.TW,957.8684692382812,969.0,990.0,969.0,990.0,38047856
2025-05-14,2330.TW,987.5238037109375,999.0,999.0,988.0,990.0,40475123
2025-05-15,2330.TW,981.5927734375,993.0,1000.0,993.0,1000.0,24662270
2025-05-16,2330.TW,986.5353393554688,998.0,998.0,989.0,991.0,16878650
2025-05-19,2330.TW,972.6961669921875,984.0,994.0,980.0,993.0,19906139
2025-05-20,2330.TW,966.7650756835938,978.0,994.0,978.0,991.0,20897857
2025-05-21,2330.TW,978.627197265625,990.0,999.0,983.0,986.0,26248757
2025-05-22,2330.TW,970.7191162109375,982.0,988.0,979.0,988.0,18747545
2025-05-23,2330.TW,972.6961669921875,984.0,993.0,975.0,993.0,22213030
2025-05-26,2330.TW,964.7880249023438,976.0,984.0,975.0,975.0,19329052
2025-05-27,2330.TW,953.9144287109375,965.0,975.0,961.0,971.0,26355315
2025-05-28,2330.TW,955.8914184570312,967.0,985.0,967.0,984.0,26471533
2025-05-29,2330.TW,955.8914184570312,967.0,986.0,967.0,986.0,48602590
2025-06-02,2330.TW,935.1326293945312,946.0,961.0,946.0,958.0,33676511
2025-06-03,2330.TW,939.0867309570312,950.0,965.0,950.0,960.0,26020787
2025-06-04,2330.TW,978.627197265625,990.0,990.0,970.0,974.0,37233567
2025-06-05,2330.TW,986.5353393554688,998.0,1000.0,991.0,1000.0,24414444
2025-06-06,2330.TW,983.5697631835938,995.0,997.0,991.0,997.0,13670307
2025-06-09,2330.TW,993.4548950195312,1005.0,1010.0,1000.0,1005.0,21674308
2025-06-10,2330.TW,1032.9954833984375,1045.0,1050.0,1020.0,1025.0,44877640
2025-06-11,2330.TW,1052.7657470703125,1065.0,1070.0,1055.0,1065.0,37178498
2025-06-12,2330.TW,1037.3787841796875,1045.0,1060.0,1045.0,1055.0,25221606
2025-06-13,2330.TW,1022.4880981445312,1030.0,1040.0,1025.0,1040.0,28393455
2025-06-16,2330.TW,1017.5245971679688,1025.0,1030.0,1015.0,1030.0,28580673
2025-06-17,2330.TW,1037.3787841796875,1045.0,1050.0,1035.0,1040.0,26517379
2025-06-18,2330.TW,1047.3057861328125,1055.0,1055.0,1030.0,1040.0,37931721
2025-06-19,2330.TW,1027.45166015625,1035.0,1045.0,1030.0,1045.0,24002557
2025-06-20,2330.TW,1047.3057861328125,1055.0,1055.0,1025.0,1030.0,57831332
2025-06-23,2330.TW,1012.56103515625,1020.0,1030.0,1015.0,1025.0,32143872
2025-06-24,2330.TW,1042.3421630859375,1050.0,1050.0,1040.0,1045.0,28163537
2025-06-25,2330.TW,1062.1964111328125,1070.0,1070.0,1055.0,1060.0,38783736
2025-06-26,2330.TW,1067.159912109375,1075.0,1080.0,1065.0,1075.0,36056692
2025-06-27,2330.TW,1072.1234130859375,1080.0,1080.0,1060.0,1070.0,32549027
2025-06-30,2330.TW,1052.269287109375,1060.0,1080.0,1060.0,1075.0,32413717
2025-07-01,2330.TW,1077.0869140625,1085.0,1095.0,1075.0,1080.0,44299887
2025-07-02,2330.TW,1077.0869140625,1085.0,1085.0,1070.0,1075.0,23822731
2025-07-03,2330.TW,1082.050537109375,1090.0,1105.0,1090.0,1105.0,36973556
2025-07-04,2330.TW,1077.0869140625,1085.0,1100.0,1080.0,1095.0,20363322
2025-07-07,2330.TW,1072.1234130859375,1080.0,1085.0,1070.0,1080.0,18829372
2025-07-08,2330.TW,1072.1234130859375,1080.0,1080.0,1065.0,1070.0,27461252
2025-07-09,2330.TW,1082.050537109375,1090.0,1090.0,1065.0,1070.0,23618216
2025-07-10,2330.TW,1091.9776611328125,1100.0,1100.0,1090.0,1095.0,22350503
2025-07-11,2330.TW,1091.9776611328125,1100.0,1100.0,1090.0,1095.0,28249780
2025-07-14,2330.TW,1087.0140380859375,1095.0,1100.0,1085.0,1100.0,25760632
2025-07-15,2330.TW,1101.9046630859375,1110.0,1115.0,1090.0,1095.0,45416390
2025-07-16,2330.TW,1121.7587890625,1130.0,1130.0,1120.0,1120.0,31013743
2025-07-17,2330.TW,1121.7587890625,1130.0,1135.0,1115.0,1130.0,30648595
2025-07-18,2330.TW,1146.576416015625,1155.0,1160.0,1145.0,1155.0,46645034
2025-07-21,2330.TW,1141.613037109375,1150.0,1150.0,1135.0,1145.0,26749324
2025-07-22,2330.TW,1121.7587890625,1130.0,1160.0,1130.0,1145.0,50457506
2025-07-23,2330.TW,1136.6494140625,1145.0,1145.0,1135.0,1140.0,29747757
2025-07-24,2330.TW,1136.6494140625,1145.0,1155.0,1145.0,1150.0,15055463
2025-07-25,2330.TW,1136.6494140625,1145.0,1155.0,1140.0,1150.0,22476546
2025-07-28,2330.TW,1136.6494140625,1145.0,1160.0,1145.0,1155.0,20606376
2025-07-29,2330.TW,1126.7222900390625,1135.0,1145.0,1125.0,1145.0,31763255
2025-07-30,2330.TW,1146.576416015625,1155.0,1160.0,1145.0,1150.0,34182363
2025-07-31,2330.TW,1151.5399169921875,1160.0,1165.0,1155.0,1160.0,33230751
2025-08-04,2330.TW,1126.7222900390625,1135.0,1135.0,1125.0,1130.0,23939021
2025-08-05,2330.TW,1141.613037109375,1150.0,1150.0,1140.0,1145.0,17012960
2025-08-06,2330.TW,1116.7952880859375,1125.0,1135.0,1125.0,1130.0,22023406
2025-08-07,2330.TW,1171.3941650390625,1180.0,1180.0,1155.0,1160.0,61370031
2025-08-08,2330.TW,1166.4306640625,1175.0,1185.0,1170.0,1180.0,25958258
2025-08-11,2330.TW,1171.3941650390625,1180.0,1195.0,1165.0,1170.0,35579367
2025-08-12,2330.TW,1171.3941650390625,1180.0,1190.0,1170.0,1180.0,28917167
2025-08-13,2330.TW,1191.248291015625,1200.0,1200.0,1185.0,1185.0,37809952
2025-08-14,2330.TW,1166.4306640625,1175.0,1190.0,1175.0,1185.0,32991791
2025-08-15,2330.TW,1171.3941650390625,1180.0,1185.0,1170.0,1175.0,22231552
2025-08-18,2330.TW,1171.3941650390625,1180.0,1185.0,1170.0,1170.0,18219895
2025-08-19,2330.TW,1176.357666015625,1185.0,1185.0,1175.0,1180.0,17867547
2025-08-20,2330.TW,1126.7222900390625,1135.0,1165.0,1135.0,1165.0,66982023
2025-08-21,2330.TW,1141.613037109375,1150.0,1155.0,1140.0,1140.0,23424804
2025-08-22,2330.TW,1126.7222900390625,1135.0,1155.0,1135.0,1155.0,19205763
2025-08-25,2330.TW,1161.467041015625,1170.0,1180.0,1160.0,1165.0,25103514
2025-08-26,2330.TW,1166.4306640625,1175.0,1185.0,1160.0,1165.0,35508897
2025-08-27,2330.TW,1181.3211669921875,1190.0,1190.0,1180.0,1190.0,21952558
2025-08-28,2330.TW,1151.5399169921875,1160.0,1185.0,1160.0,1185.0,19975237
2025-08-29,2330.TW,1151.5399169921875,1160.0,1185.0,1160.0,1180.0,19522740
2025-09-01,2330.TW,1156.5035400390625,1165.0,1165.0,1145.0,1150.0,22018940
2025-09-02,2330.TW,1151.5399169921875,1160.0,1175.0,1155.0,1170.0,14037411
2025-09-03,2330.TW,1151.5399169921875,1160.0,1160.0,1145.0,1155.0,19511981
2025-09-04,2330.TW,1151.5399169921875,1160.0,1175.0,1160.0,1170.0,24333323
2025-09-05,2330.TW,1171.3941650390625,1180.0,1180.0,1170.0,1175.0,27133819
2025-09-08,2330.TW,1171.3941650390625,1180.0,1195.0,1180.0,1195.0,27281959
2025-09-09,2330.TW,1191.248291015625,1200.0,1200.0,1190.0,1195.0,31329096
2025-09-10,2330.TW,1216.06591796875,1225.0,1230.0,1215.0,1220.0,39665156
2025-09-11,2330.TW,1230.95654296875,1240.0,1260.0,1235.0,1255.0,30345708
2025-09-12,2330.TW,1250.810791015625,1260.0,1260.0,1250.0,1255.0,26492972
2025-09-15,2330.TW,1245.84716796875,1255.0,1260.0,1250.0,1260.0,24589707
2025-09-16,2330.TW,1275.74755859375,1280.0,1285.0,1260.0,1265.0,40130070
2025-09-17,2330.TW,1260.79736328125,1265.0,1275.0,1265.0,1270.0,29283972
2025-09-18,2330.TW,1280.73095703125,1285.0,1285.0,1265.0,1275.0,24191307
2025-09-19,2330.TW,1260.79736328125,1265.0,1290.0,1265.0,1285.0,44913316
2025-09-22,2330.TW,1290.69775390625,1295.0,1295.0,1270.0,1270.0,28859955
2025-09-23,2330.TW,1335.5482177734375,1340.0,1340.0,1315.0,1320.0,33953781
2025-09-24,2330.TW,1335.5482177734375,1340.0,1355.0,1325.0,1350.0,44737182
2025-09-25,2330.TW,1315.6146240234375,1320.0,1330.0,1320.0,1320.0,25861812
2025-09-26,2330.TW,1295.6810302734375,1300.0,1315.0,1295.0,1310.0,25793295
2025-09-30,2330.TW,1300.6644287109375,1305.0,1320.0,1305.0,1310.0,36642789
2025-10-01,2330.TW,1320.5980224609375,1325.0,1350.0,1325.0,1325.0,33837323
2025-10-02,2330.TW,1360.465087890625,1365.0,1370.0,1355.0,1360.0,29593487
2025-10-03,2330.TW,1395.348876953125,1400.0,1400.0,1365.0,1365.0,31032341
2025-10-07,2330.TW,1430.2325439453125,1435.0,1445.0,1420.0,1420.0,38395572
2025-10-08,2330.TW,1410.299072265625,1415.0,1420.0,1405.0,1410.0,23064494
2025-10-09,2330.TW,1435.2159423828125,1440.0,1455.0,1430.0,1440.0,39052134
2025-10-13,2330.TW,1410.299072265625,1415.0,1420.0,1390.0,1390.0,53850992
2025-10-14,2330.TW,1420.2657470703125,1425.0,1460.0,1420.0,1455.0,39889256
2025-10-15,2330.TW,1460.1329345703125,1465.0,1465.0,1425.0,1435.0,41056405
2025-10-16,2330.TW,1480.0665283203125,1485.0,1495.0,1465.0,1465.0,37737678
2025-10-17,2330.TW,1445.1827392578125,1450.0,1465.0,1450.0,1455.0,38077331
2025-10-20,2330.TW,1475.0831298828125,1480.0,1495.0,1455.0,1460.0,33015553
2025-10-21,2330.TW,1475.0831298828125,1480.0,1500.0,1480.0,1485.0,34601251
2025-10-22,2330.TW,1455.1495361328125,1460.0,1470.0,1455.0,1460.0,27360948
2025-10-23,2330.TW,1445.1827392578125,1450.0,1455.0,1435.0,1440.0,23570046
2025-10-27,2330.TW,1475.0831298828125,1480.0,1500.0,1480.0,1500.0,32851952
2025-10-28,2330.TW,1470.0997314453125,1475.0,1490.0,1470.0,1480.0,28381919
2025-10-29,2330.TW,1500.0,1505.0,1515.0,1490.0,1495.0,30631103
2025-10-30,2330.TW,1500.0,1505.0,1520.0,1500.0,1515.0,27867757
2025-10-31,2330.TW,1495.0166015625,1500.0,1525.0,1500.0,1515.0,31928423
2025-11-03,2330.TW,1504.9833984375,1510.0,1520.0,1490.0,1510.0,29118770
2025-11-04,2330.TW,1500.0,1505.0,1525.0,1495.0,1520.0,33925673
2025-11-05,2330.TW,1455.1495361328125,1460.0,1485.0,1455.0,1480.0,56305422
2025-11-06,2330.TW,1460.1329345703125,1465.0,1480.0,1465.0,1470.0,27411394
2025-11-07,2330.TW,1455.1495361328125,1460.0,1465.0,1455.0,1460.0,20329390
2025-11-10,2330.TW,1470.0997314453125,1475.0,1485.0,1465.0,1470.0,25281744
2025-11-11,2330.TW,1460.1329345703125,1465.0,1495.0,1465.0,1490.0,22444166
2025-11-12,2330.TW,1470.0997314453125,1475.0,1485.0,1460.0,1470.0,23642502
2025-11-13,2330.TW,1455.1495361328125,1460.0,1470.0,1460.0,1460.0,21255597
2025-11-14,2330.TW,1425.2491455078125,1430.0,1440.0,1425.0,1425.0,26861702
2025-11-17,2330.TW,1440.1993408203125,1445.0,1460.0,1445.0,1450.0,26602730
2025-11-18,2330.TW,1400.332275390625,1405.0,1435.0,1405.0,1435.0,42198432
2025-11-19,2330.TW,1390.365478515625,1395.0,1415.0,1395.0,1400.0,35591948
2025-11-20,2330.TW,1450.1661376953125,1455.0,1460.0,1440.0,1450.0,25964403
2025-11-21,2330.TW,1380.398681640625,1385.0,1405.0,1385.0,1395.0,54518246
2025-11-24,2330.TW,1370.431884765625,1375.0,1405.0,1375.0,1400.0,79134658
2025-11-25,2330.TW,1410.299072265625,1415.0,1425.0,1405.0,1425.0,27427405
2025-11-26,2330.TW,1435.2159423828125,1440.0,1440.0,1425.0,1430.0,29213211
2025-11-27,2330.TW,1430.2325439453125,1435.0,1455.0,1430.0,1450.0,22039774
2025-11-28,2330.TW,1435.2159423828125,1440.0,1455.0,1435.0,1440.0,23152513
2025-12-01,2330.TW,1405.315673828125,1410.0,1445.0,1410.0,1445.0,30559208
2025-12-02,2330.TW,1425.2491455078125,1430.0,1440.0,1420.0,1430.0,23544477
2025-12-03,2330.TW,1445.1827392578125,1450.0,1450.0,1435.0,1440.0,20301540
2025-12-04,2330.TW,1440.1993408203125,1445.0,1450.0,1430.0,1445.0,20696944
2025-12-05,2330.TW,1455.1495361328125,1460.0,1460.0,1440.0,1445.0,21072604
2025-12-08,2330.TW,1490.033203125,1495.0,1495.0,1460.0,1465.0,24257260
2025-12-09,2330.TW,1475.0831298828125,1480.0,1500.0,1480.0,1495.0,24235825
2025-12-10,2330.TW,1500.0,1505.0,1505.0,1485.0,1490.0,23319221
2025-12-11,2330.TW,1470.0,1470.0,1515.0,1465.0,1510.0,28924982
2025-12-12,2330.TW,1480.0,1480.0,1485.0,1470.0,1475.0,22107664
2025-12-15,2330.TW,1450.0,1450.0,1455.0,1445.0,1450.0,25889058
2025-12-16,2330.TW,1435.0,1435.0,1445.0,1425.0,1435.0,32168064
2025-12-17,2330.TW,1430.0,1430.0,1445.0,1425.0,1435.0,30535812
2025-12-18,2330.TW,1430.0,1430.0,1435.0,1415.0,1420.0,30534136
2025-12-19,2330.TW,1430.0,1430.0,1455.0,1430.0,1455.0,38763280
2025-12-22,2330.TW,1465.0,1465.0,1470.0,1455.0,1465.0,22661665
2025-12-23,2330.TW,1490.0,1490.0,1490.0,1470.0,1475.0,20739075
2025-12-24,2330.TW,1495.0,1495.0,1500.0,1485.0,1495.0,12987261
2025-12-26,2330.TW,1510.0,1510.0,1510.0,1495.0,1505.0,18823612
2025-12-29,2330.TW,1530.0,1530.0,1530.0,1510.0,1515.0,21124648
2025-12-30,2330.TW,1520.0,1520.0,1530.0,1510.0,1515.0,20325400
2025-12-31,2330.TW,1550.0,1550.0,1550.0,1515.0,1520.0,29695967
2026-01-02,2330.TW,1585.0,1585.0,1585.0,1545.0,1555.0,37512761
2026-01-05,2330.TW,1670.0,1670.0,1695.0,1625.0,1630.0,66871820
2026-01-06,2330.TW,1705.0,1705.0,1705.0,1645.0,1645.0,46751692
2026-01-07,2330.TW,1675.0,1675.0,1685.0,1665.0,1665.0,49857449
2026-01-08,2330.TW,1685.0,1685.0,1700.0,1655.0,1660.0,29215618
2026-01-09,2330.TW,1680.0,1680.0,1700.0,1655.0,1665.0,37387656
2026-01-12,2330.TW,1690.0,1690.0,1705.0,1690.0,1700.0,29987449
2026-01-13,2330.TW,1710.0,1710.0,1720.0,1700.0,1720.0,30171800
2026-01-14,2330.TW,1710.0,1710.0,1715.0,1700.0,1705.0,29100816
2026-01-15,2330.TW,1690.0,1690.0,1700.0,1680.0,1685.0,36391886
2026-01-16,2330.TW,1740.0,1740.0,1750.0,1710.0,1735.0,53551629
2026-01-19,2330.TW,1760.0,1760.0,1780.0,1725.0,1725.0,29580038
2026-01-20,2330.TW,1775.0,1775.0,1775.0,1740.0,1740.0,29401234
2026-01-21,2330.TW,1740.0,1740.0,1765.0,1740.0,1745.0,45192749
2026-01-22,2330.TW,1760.0,1760.0,1770.0,1750.0,1765.0,32069478
2026-01-23,2330.TW,1770.0,1770.0,1775.0,1750.0,1770.0,27601167
2026-01-26,2330.TW,1755.0,1755.0,1785.0,1755.0,1765.0,22960198
2026-01-27,2330.TW,1780.0,1780.0,1785.0,1755.0,1760.0,28985200
2026-01-28,2330.TW,1820.0,1820.0,1820.0,1790.0,1790.0,29301156
2026-01-29,2330.TW,1805.0,1805.0,1835.0,1800.0,1830.0,32224002
2026-01-30,2330.TW,1775.0,1775.0,1800.0,1775.0,1790.0,40825139
2026-02-02,2330.TW,1765.0,1765.0,1765.0,1745.0,1750.0,28251381
2026-02-03,2330.TW,1800.0,1800.0,1810.0,1785.0,1810.0,26744162
2026-02-04,2330.TW,1785.0,1785.0,1805.0,1775.0,1785.0,26952301
2026-02-05,2330.TW,1765.0,1765.0,1780.0,1760.0,1765.0,26299986
2026-02-06,2330.TW,1780.0,1780.0,1780.0,1740.0,1745.0,33263592
2026-02-09,2330.TW,1815.0,1815.0,1835.0,1815.0,1830.0,36529289
2026-02-10,2330.TW,1880.0,1880.0,1880.0,1840.0,1845.0,41859169
2026-02-11,2330.TW,1915.0,1915.0,1925.0,1875.0,1880.0,40488310
2026-02-23,2330.TW,1900.0,1900.0,1935.0,1900.0,1900.0,69816209
2026-02-24,2330.TW,1965.0,1965.0,1975.0,1915.0,1915.0,40961679
2026-02-25,2330.TW,2015.0,2015.0,2025.0,1995.0,1995.0,40832607
2026-02-26,2330.TW,1995.0,1995.0,2010.0,1995.0,2000.0,58561388
2026-03-02,2330.TW,1975.0,1975.0,1995.0,1940.0,1940.0,48884884
2026-03-03,2330.TW,1935.0,1935.0,1980.0,1935.0,1970.0,43090471
